query_id,item_id,engage_score,dt,quality,freshness,title_len,author_score,topic_match,hist_ctr,dwell_sec,share_rate,tag_n,tag_unique_n,catalog_type_n,bundle_seq_n,like_per_exp,share_per_exp,city_match,json_missing
1,I196,0,20260814,-1.0,-1.0,-1.0,-1.0,0.496128,-1.0,-1.0,-1.0,-1.0,-1.0,-1.0,-1.0,-1.0,-1.0,1.0,0.0
1,I686,0,20260814,0.684116,0.443476,61.0,0.694087,0.566417,0.500576,110.573314,0.253475,2.0,2.0,4.0,1.0,0.488328,0.068497,1.0,1.0
1,I540,0,20260814,-1.0,-1.0,-1.0,-1.0,0.279434,-1.0,-1.0,-1.0,-1.0,-1.0,-1.0,-1.0,-1.0,-1.0,0.0,0.0
1,I034,0,20260814,0.816119,0.084784,64.0,0.477637,0.4418,0.86032,26.949748,0.325351,1.0,1.0,5.0,1.0,0.510671,0.076676,0.0,0.0
1,I571,0,20260814,0.674333,0.519946,30.0,0.485536,0.290879,0.698272,3.122479,0.308185,2.0,2.0,3.0,2.0,0.464067,0.080647,1.0,0.0
1,I413,1,20260814,-1.0,-1.0,-1.0,-1.0,0.784777,-1.0,-1.0,-1.0,-1.0,-1.0,-1.0,-1.0,-1.0,-1.0,1.0,0.0
1,I053,0,20260814,-1.0,-1.0,-1.0,-1.0,0.374268,-1.0,-1.0,-1.0,-1.0,-1.0,-1.0,-1.0,-1.0,-1.0,0.0,0.0
2,I016,0,20260814,-1.0,-1.0,-1.0,-1.0,0.500391,-1.0,-1.0,-1.0,-1.0,-1.0,-1.0,-1.0,-1.0,-1.0,1.0,0.0
2,I453,0,20260814,0.776637,0.345441,39.0,0.521478,0.110923,0.946652,77.097953,0.61124,3.0,2.0,1.0,1.0,0.486354,0.077253,0.0,0.0
2,I524,10,20260814,-1.0,-1.0,-1.0,-1.0,0.248126,-1.0,-1.0,-1.0,-1.0,-1.0,-1.0,-1.0,-1.0,-1.0,1.0,0.0
2,I187,0,20260814,-1.0,-1.0,-1.0,-1.0,0.361487,-1.0,-1.0,-1.0,-1.0,-1.0,-1.0,-1.0,-1.0,-1.0,1.0,0.0
2,I522,0,20260814,0.222901,0.676451,20.0,0.450163,0.309128,0.548804,93.959672,0.153658,7.0,3.0,5.0,1.0,0.427748,0.069378,1.0,0.0
2,I117,0,20260814,-1.0,-1.0,-1.0,-1.0,0.456767,-1.0,-1.0,-1.0,-1.0,-1.0,-1.0,-1.0,-1.0,-1.0,1.0,0.0
2,I612,0,20260814,0.759645,0.568331,57.0,0.689304,0.790156,0.972391,51.347051,0.227353,9.0,6.0,5.0,1.0,0.474533,0.076521,0.0,0.0
3,I472,0,20260814,-1.0,-1.0,-1.0,-1.0,0.16578,-1.0,-1.0,-1.0,-1.0,-1.0,-1.0,-1.0,-1.0,-1.0,1.0,0.0
3,I138,0,20260814,-1.0,-1.0,-1.0,-1.0,0.367477,-1.0,-1.0,-1.0,-1.0,-1.0,-1.0,-1.0,-1.0,-1.0,0.0,0.0
3,I158,0,20260814,-1.0,-1.0,-1.0,-1.0,0.564047,-1.0,-1.0,-1.0,-1.0,-1.0,-1.0,-1.0,-1.0,-1.0,0.0,0.0
3,I135,0,20260814,-1.0,-1.0,-1.0,-1.0,0.496088,-1.0,-1.0,-1.0,-1.0,-1.0,-1.0,-1.0,-1.0,-1.0,0.0,0.0
3,I425,3,20260814,-1.0,-1.0,-1.0,-1.0,0.598279,-1.0,-1.0,-1.0,-1.0,-1.0,-1.0,-1.0,-1.0,-1.0,1.0,0.0
3,I460,0,20260814,-1.0,-1.0,-1.0,-1.0,0.041297,-1.0,-1.0,-1.0,-1.0,-1.0,-1.0,-1.0,-1.0,-1.0,1.0,0.0
3,I496,0,20260814,-1.0,-1.0,-1.0,-1.0,0.664018,-1.0,-1.0,-1.0,-1.0,-1.0,-1.0,-1.0,-1.0,-1.0,0.0,0.0
4,I210,0,20260814,-1.0,-1.0,-1.0,-1.0,0.536129,-1.0,-1.0,-1.0,-1.0,-1.0,-1.0,-1.0,-1.0,-1.0,1.0,0.0
4,I090,,20260814,-1.0,-1.0,-1.0,-1.0,0.198767,-1.0,-1.0,-1.0,-1.0,-1.0,-1.0,-1.0,-1.0,-1.0,0.0,0.0
4,I625,0,20260814,0.192496,0.649257,58.0,0.58281,0.353071,0.864429,66.276438,0.247318,10.0,3.0,4.0,5.0,0.411527,0.070868,0.0,0.0
4,I662,0,20260814,0.290477,0.65062,19.0,0.636422,0.532936,0.746291,78.291161,0.283178,5.0,5.0,2.0,1.0,0.412191,0.079838,0.0,0.0
4,I071,1,20260814,-1.0,-1.0,-1.0,-1.0,0.913237,-1.0,-1.0,-1.0,-1.0,-1.0,-1.0,-1.0,-1.0,-1.0,1.0,0.0
4,I486,0,20260814,-1.0,-1.0,-1.0,-1.0,0.696393,-1.0,-1.0,-1.0,-1.0,-1.0,-1.0,-1.0,-1.0,-1.0,0.0,0.0
4,I665,0,20260814,-1.0,-1.0,-1.0,-1.0,0.420773,-1.0,-1.0,-1.0,-1.0,-1.0,-1.0,-1.0,-1.0,-1.0,0.0,0.0
5,I490,0,20260814,-1.0,-1.0,-1.0,-1.0,0.18829,-1.0,-1.0,-1.0,-1.0,-1.0,-1.0,-1.0,-1.0,-1.0,0.0,1.0
5,I604,0,20260814,0.82365,0.344876,13.0,0.870955,0.262648,0.885241,124.222668,0.059381,10.0,4.0,3.0,5.0,0.50795,0.076243,0.0,0.0
5,I237,0,20260814,0.565292,0.2004,16.0,0.377966,0.668704,0.536927,103.885161,0.07953,11.0,7.0,1.0,2.0,0.451594,0.078944,0.0,0.0
5,I239,0,20260814,-1.0,-1.0,-1.0,-1.0,0.80893,-1.0,-1.0,-1.0,-1.0,-1.0,-1.0,-1.0,-1.0,-1.0,0.0,0.0
5,I559,0,20260814,-1.0,-1.0,-1.0,-1.0,0.708323,-1.0,-1.0,-1.0,-1.0,-1.0,-1.0,-1.0,-1.0,-1.0,0.0,1.0
5,I175,1,20260814,0.526273,0.206979,32.0,0.751864,0.588285,0.857678,34.263101,0.144351,3.0,3.0,4.0,5.0,0.443074,0.073264,1.0,0.0
5,I327,,20260814,0.586402,0.173751,71.0,0.697372,0.643911,0.753314,74.426382,0.388458,7.0,7.0,1.0,4.0,0.466786,0.077719,1.0,0.0
6,I508,0,20260814,-1.0,-1.0,-1.0,-1.0,0.221156,-1.0,-1.0,-1.0,-1.0,-1.0,-1.0,-1.0,-1.0,-1.0,0.0,0.0
6,I671,1,20260814,0.69901,0.547492,61.0,0.567861,0.259381,0.686175,4.051318,0.074509,8.0,5.0,3.0,1.0,0.496852,0.064156,1.0,0.0
6,I207,0,20260814,0.735183,0.445974,8.0,0.154554,0.46342,0.966761,39.238852,0.293314,4.0,4.0,4.0,8.0,0.494178,0.070808,0.0,0.0
6,I274,0,20260814,-1.0,-1.0,-1.0,-1.0,0.529923,-1.0,-1.0,-1.0,-1.0,-1.0,-1.0,-1.0,-1.0,-1.0,0.0,0.0
6,I233,0,20260814,0.447416,0.118934,29.0,0.694833,0.707749,0.909932,8.33502,0.135723,9.0,3.0,4.0,4.0,0.461914,0.069147,0.0,0.0
6,I381,0,20260814,-1.0,-1.0,-1.0,-1.0,0.503595,-1.0,-1.0,-1.0,-1.0,-1.0,-1.0,-1.0,-1.0,-1.0,1.0,0.0
6,I192,0,20260814,0.304198,0.377814,11.0,0.298845,0.403829,0.812569,59.009024,0.219358,7.0,1.0,4.0,8.0,0.437012,0.069106,0.0,0.0
7,I576,,20260814,-1.0,-1.0,-1.0,-1.0,0.582742,-1.0,-1.0,-1.0,-1.0,-1.0,-1.0,-1.0,-1.0,-1.0,0.0,0.0
7,I015,,20260814,-1.0,-1.0,-1.0,-1.0,0.52102,-1.0,-1.0,-1.0,-1.0,-1.0,-1.0,-1.0,-1.0,-1.0,1.0,0.0
7,I356,0,20260814,-1.0,-1.0,-1.0,-1.0,0.414291,-1.0,-1.0,-1.0,-1.0,-1.0,-1.0,-1.0,-1.0,-1.0,1.0,0.0
7,I067,0,20260814,-1.0,-1.0,-1.0,-1.0,0.605663,-1.0,-1.0,-1.0,-1.0,-1.0,-1.0,-1.0,-1.0,-1.0,0.0,0.0
7,I376,1,20260814,-1.0,-1.0,-1.0,-1.0,0.497755,-1.0,-1.0,-1.0,-1.0,-1.0,-1.0,-1.0,-1.0,-1.0,1.0,0.0
7,I543,0,20260814,-1.0,-1.0,-1.0,-1.0,0.08089,-1.0,-1.0,-1.0,-1.0,-1.0,-1.0,-1.0,-1.0,-1.0,1.0,0.0
7,I042,0,20260814,-1.0,-1.0,-1.0,-1.0,0.446767,-1.0,-1.0,-1.0,-1.0,-1.0,-1.0,-1.0,-1.0,-1.0,1.0,0.0
8,I689,0,20260814,-1.0,-1.0,-1.0,-1.0,0.472366,-1.0,-1.0,-1.0,-1.0,-1.0,-1.0,-1.0,-1.0,-1.0,1.0,0.0
8,I634,3,20260814,-1.0,-1.0,-1.0,-1.0,0.733382,-1.0,-1.0,-1.0,-1.0,-1.0,-1.0,-1.0,-1.0,-1.0,1.0,1.0
8,I082,0,20260814,-1.0,-1.0,-1.0,-1.0,0.442005,-1.0,-1.0,-1.0,-1.0,-1.0,-1.0,-1.0,-1.0,-1.0,0.0,0.0
8,I418,0,20260814,0.492843,0.799155,73.0,0.251543,0.410829,0.8237,42.758885,0.062005,8.0,6.0,2.0,7.0,0.442598,0.079849,0.0,1.0
8,I124,0,20260814,-1.0,-1.0,-1.0,-1.0,0.501871,-1.0,-1.0,-1.0,-1.0,-1.0,-1.0,-1.0,-1.0,-1.0,0.0,1.0
8,I579,0,20260814,-1.0,-1.0,-1.0,-1.0,0.550648,-1.0,-1.0,-1.0,-1.0,-1.0,-1.0,-1.0,-1.0,-1.0,1.0,0.0
8,I110,0,20260814,-1.0,-1.0,-1.0,-1.0,0.338674,-1.0,-1.0,-1.0,-1.0,-1.0,-1.0,-1.0,-1.0,-1.0,1.0,0.0
9,I611,0,20260814,-1.0,-1.0,-1.0,-1.0,0.330773,-1.0,-1.0,-1.0,-1.0,-1.0,-1.0,-1.0,-1.0,-1.0,1.0,0.0
9,I139,0,20260814,0.778472,0.649659,40.0,0.902488,0.457703,0.679345,46.036683,0.130301,11.0,6.0,5.0,7.0,0.499001,0.079978,0.0,0.0
9,I373,0,20260814,0.116168,0.18674,9.0,0.233856,0.143666,0.706415,3.585664,0.386338,9.0,6.0,2.0,8.0,0.396272,0.083851,0.0,0.0
9,I447,3,20260814,0.046236,0.367432,16.0,0.695621,0.61881,0.877523,34.185644,0.065884,7.0,7.0,4.0,6.0,0.374447,0.065137,1.0,0.0
9,I192,0,20260814,0.304198,0.377814,11.0,0.298845,0.335506,0.812569,59.009024,0.219358,7.0,1.0,4.0,8.0,0.437012,0.069106,1.0,0.0
9,I096,0,20260814,-1.0,-1.0,-1.0,-1.0,0.285221,-1.0,-1.0,-1.0,-1.0,-1.0,-1.0,-1.0,-1.0,-1.0,1.0,0.0
9,I443,0,20260814,0.321263,0.64783,13.0,0.293768,0.395688,0.918083,56.921232,0.138597,7.0,4.0,4.0,7.0,0.442174,0.064826,0.0,0.0
10,I594,0,20260814,0.098695,0.859425,56.0,0.623648,0.274859,0.912618,143.70992,0.081894,11.0,7.0,3.0,2.0,0.383169,0.065548,0.0,0.0
10,I183,3,20260814,-1.0,-1.0,-1.0,-1.0,0.746868,-1.0,-1.0,-1.0,-1.0,-1.0,-1.0,-1.0,-1.0,-1.0,0.0,0.0
10,I570,0,20260814,0.120091,0.435759,35.0,0.698735,0.522303,0.920639,52.396208,0.102751,5.0,5.0,3.0,6.0,0.408346,0.069032,1.0,0.0
10,I578,0,20260814,0.23277,0.415806,79.0,0.716156,0.711097,0.909382,22.126011,0.021867,3.0,3.0,3.0,2.0,0.420136,0.076858,1.0,0.0
10,I387,0,20260814,-1.0,-1.0,-1.0,-1.0,0.174063,-1.0,-1.0,-1.0,-1.0,-1.0,-1.0,-1.0,-1.0,-1.0,0.0,0.0
10,I264,,20260814,-1.0,-1.0,-1.0,-1.0,0.365644,-1.0,-1.0,-1.0,-1.0,-1.0,-1.0,-1.0,-1.0,-1.0,0.0,0.0
10,I630,0,20260814,0.547395,0.432648,77.0,0.539504,0.449351,0.758188,17.39872,0.351567,7.0,6.0,1.0,1.0,0.446832,0.072346,0.0,0.0
11,I295,0,20260814,-1.0,-1.0,-1.0,-1.0,0.353058,-1.0,-1.0,-1.0,-1.0,-1.0,-1.0,-1.0,-1.0,-1.0,0.0,0.0
11,I221,0,20260814,0.442938,0.619417,53.0,0.730369,0.237728,0.674955,39.439317,0.272381,8.0,1.0,3.0,3.0,0.451839,0.073659,0.0,0.0
11,I424,1,20260814,-1.0,-1.0,-1.0,-1.0,0.603318,-1.0,-1.0,-1.0,-1.0,-1.0,-1.0,-1.0,-1.0,-1.0,1.0,1.0
11,I245,0,20260814,-1.0,-1.0,-1.0,-1.0,0.437643,-1.0,-1.0,-1.0,-1.0,-1.0,-1.0,-1.0,-1.0,-1.0,1.0,0.0
11,I142,0,20260814,-1.0,-1.0,-1.0,-1.0,0.552462,-1.0,-1.0,-1.0,-1.0,-1.0,-1.0,-1.0,-1.0,-1.0,1.0,0.0
11,I200,0,20260814,0.574128,0.578385,53.0,0.364337,0.091887,0.718426,80.6566,0.04711,8.0,5.0,5.0,7.0,0.462399,0.072644,0.0,0.0
11,I356,0,20260814,-1.0,-1.0,-1.0,-1.0,0.81573,-1.0,-1.0,-1.0,-1.0,-1.0,-1.0,-1.0,-1.0,-1.0,0.0,0.0
12,I003,0,20260814,0.387831,0.074831,21.0,0.608826,0.571133,0.83777,20.722393,0.301356,7.0,1.0,4.0,3.0,0.419546,0.07009,0.0,0.0
12,I134,1,20260814,-1.0,-1.0,-1.0,-1.0,0.21355,-1.0,-1.0,-1.0,-1.0,-1.0,-1.0,-1.0,-1.0,-1.0,1.0,0.0
12,I276,0,20260814,0.421494,0.091632,62.0,0.581332,0.170063,0.954965,118.058236,0.028127,4.0,2.0,4.0,2.0,0.440228,0.067458,0.0,0.0
12,I539,0,20260814,0.107933,0.811151,66.0,0.593617,0.663393,0.796497,30.994087,0.64173,11.0,4.0,1.0,7.0,0.413845,0.080873,1.0,0.0
12,I279,0,20260814,0.52857,0.827534,26.0,0.355261,0.340491,0.872564,129.792808,0.201173,7.0,6.0,1.0,3.0,0.460087,0.069513,0.0,0.0
12,I179,0,20260814,0.738786,0.364997,47.0,0.370058,0.350164,0.719706,100.456378,0.253142,5.0,1.0,3.0,1.0,0.499201,0.065889,0.0,0.0
12,I370,0,20260814,-1.0,-1.0,-1.0,-1.0,0.453875,-1.0,-1.0,-1.0,-1.0,-1.0,-1.0,-1.0,-1.0,-1.0,1.0,0.0
13,I566,0,20260814,-1.0,-1.0,-1.0,-1.0,0.601105,-1.0,-1.0,-1.0,-1.0,-1.0,-1.0,-1.0,-1.0,-1.0,1.0,0.0
13,I045,0,20260814,-1.0,-1.0,-1.0,-1.0,0.239816,-1.0,-1.0,-1.0,-1.0,-1.0,-1.0,-1.0,-1.0,-1.0,0.0,0.0
13,I555,0,20260814,0.691295,0.913725,17.0,0.739292,0.806224,0.861488,24.871148,0.448424,6.0,5.0,2.0,3.0,0.473774,0.074236,1.0,0.0
13,I184,0,20260814,-1.0,-1.0,-1.0,-1.0,0.212796,-1.0,-1.0,-1.0,-1.0,-1.0,-1.0,-1.0,-1.0,-1.0,1.0,0.0
13,I125,0,20260814,0.512241,0.462609,60.0,0.383478,0.399508,0.687089,13.36978,0.346815,10.0,1.0,1.0,1.0,0.451494,0.083813,1.0,0.0
13,I372,,20260814,-1.0,-1.0,-1.0,-1.0,0.591546,-1.0,-1.0,-1.0,-1.0,-1.0,-1.0,-1.0,-1.0,-1.0,1.0,0.0
13,I524,1,20260814,-1.0,-1.0,-1.0,-1.0,0.323122,-1.0,-1.0,-1.0,-1.0,-1.0,-1.0,-1.0,-1.0,-1.0,1.0,1.0
14,I619,0,20260814,-1.0,-1.0,-1.0,-1.0,0.714714,-1.0,-1.0,-1.0,-1.0,-1.0,-1.0,-1.0,-1.0,-1.0,0.0,0.0
14,I156,0,20260814,-1.0,-1.0,-1.0,-1.0,0.100472,-1.0,-1.0,-1.0,-1.0,-1.0,-1.0,-1.0,-1.0,-1.0,1.0,0.0
14,I329,4,20260814,-1.0,-1.0,-1.0,-1.0,0.33852,-1.0,-1.0,-1.0,-1.0,-1.0,-1.0,-1.0,-1.0,-1.0,1.0,0.0
14,I562,0,20260814,-1.0,-1.0,-1.0,-1.0,0.497291,-1.0,-1.0,-1.0,-1.0,-1.0,-1.0,-1.0,-1.0,-1.0,0.0,0.0
14,I368,0,20260814,0.361641,0.144638,75.0,0.78369,0.13815,0.912892,97.605291,0.069677,8.0,1.0,4.0,7.0,0.430487,0.081084,1.0,1.0
14,I436,0,20260814,-1.0,-1.0,-1.0,-1.0,0.402578,-1.0,-1.0,-1.0,-1.0,-1.0,-1.0,-1.0,-1.0,-1.0,1.0,0.0
14,I395,0,20260814,-1.0,-1.0,-1.0,-1.0,0.593707,-1.0,-1.0,-1.0,-1.0,-1.0,-1.0,-1.0,-1.0,-1.0,1.0,0.0
15,I380,0,20260815,-1.0,-1.0,-1.0,-1.0,0.309657,-1.0,-1.0,-1.0,-1.0,-1.0,-1.0,-1.0,-1.0,-1.0,0.0,0.0
15,I270,0,20260815,-1.0,-1.0,-1.0,-1.0,0.312889,-1.0,-1.0,-1.0,-1.0,-1.0,-1.0,-1.0,-1.0,-1.0,1.0,0.0
15,I563,0,20260815,-1.0,-1.0,-1.0,-1.0,0.522917,-1.0,-1.0,-1.0,-1.0,-1.0,-1.0,-1.0,-1.0,-1.0,1.0,0.0
15,I366,0,20260815,-1.0,-1.0,-1.0,-1.0,0.55942,-1.0,-1.0,-1.0,-1.0,-1.0,-1.0,-1.0,-1.0,-1.0,0.0,0.0
15,I073,0,20260815,0.473515,0.70501,58.0,0.521828,0.478714,0.92591,84.901102,0.562185,7.0,6.0,4.0,5.0,0.431981,0.068035,0.0,0.0
15,I139,1,20260815,0.778472,0.649659,40.0,0.902488,0.470678,0.679345,46.036683,0.130301,11.0,6.0,5.0,7.0,0.499001,0.079978,0.0,1.0
15,I483,0,20260815,-1.0,-1.0,-1.0,-1.0,0.48189,-1.0,-1.0,-1.0,-1.0,-1.0,-1.0,-1.0,-1.0,-1.0,0.0,0.0
16,I330,0,20260815,0.723222,0.485228,58.0,0.310971,0.122363,0.924166,35.950934,0.193713,8.0,7.0,2.0,3.0,0.499403,0.08002,1.0,0.0
16,I275,0,20260815,0.789139,0.534545,27.0,0.197497,0.273425,0.952597,102.272186,0.136332,3.0,3.0,2.0,4.0,0.479485,0.066177,1.0,0.0
16,I141,3,20260815,0.810764,0.588548,55.0,0.901785,0.680827,0.901531,99.254469,0.150761,8.0,2.0,3.0,5.0,0.493554,0.07713,1.0,0.0
16,I087,0,20260815,-1.0,-1.0,-1.0,-1.0,0.609523,-1.0,-1.0,-1.0,-1.0,-1.0,-1.0,-1.0,-1.0,-1.0,1.0,0.0
16,I151,0,20260815,0.033016,0.745915,49.0,0.516998,0.569357,0.839774,27.445816,0.40966,5.0,5.0,1.0,4.0,0.379963,0.065015,1.0,0.0
16,I618,0,20260815,-1.0,-1.0,-1.0,-1.0,0.49791,-1.0,-1.0,-1.0,-1.0,-1.0,-1.0,-1.0,-1.0,-1.0,0.0,1.0
16,I120,0,20260815,0.527335,0.56924,31.0,0.588509,0.690416,0.69579,55.581607,0.513492,2.0,1.0,2.0,7.0,0.460201,0.073708,0.0,0.0
17,I006,0,20260815,0.507172,0.562058,52.0,0.329877,0.710128,0.787854,30.238196,0.01783,8.0,3.0,4.0,1.0,0.473001,0.077199,0.0,0.0
17,I431,0,20260815,0.372792,0.243562,15.0,0.797226,0.401182,0.891681,92.418146,0.014817,9.0,2.0,1.0,3.0,0.432069,0.075997,0.0,0.0
17,I684,0,20260815,-1.0,-1.0,-1.0,-1.0,0.582808,-1.0,-1.0,-1.0,-1.0,-1.0,-1.0,-1.0,-1.0,-1.0,1.0,0.0
17,I382,0,20260815,0.893519,0.785048,70.0,0.636191,0.230814,0.918409,229.457581,0.035941,9.0,1.0,4.0,2.0,0.497984,0.072253,0.0,0.0
17,I313,10,20260815,-1.0,-1.0,-1.0,-1.0,0.637671,-1.0,-1.0,-1.0,-1.0,-1.0,-1.0,-1.0,-1.0,-1.0,1.0,0.0
17,I246,0,20260815,0.732941,0.712229,12.0,0.744734,0.290455,0.787905,167.614054,0.140592,1.0,1.0,2.0,5.0,0.509239,0.074354,0.0,0.0
17,I222,0,20260815,-1.0,-1.0,-1.0,-1.0,0.484449,-1.0,-1.0,-1.0,-1.0,-1.0,-1.0,-1.0,-1.0,-1.0,1.0,0.0
18,I360,0,20260815,0.733898,0.117561,12.0,0.526874,0.371758,0.73043,25.272352,0.030978,5.0,5.0,1.0,1.0,0.505773,0.066775,0.0,0.0
18,I230,0,20260815,-1.0,-1.0,-1.0,-1.0,0.216953,-1.0,-1.0,-1.0,-1.0,-1.0,-1.0,-1.0,-1.0,-1.0,0.0,0.0
18,I359,0,20260815,-1.0,-1.0,-1.0,-1.0,0.627446,-1.0,-1.0,-1.0,-1.0,-1.0,-1.0,-1.0,-1.0,-1.0,0.0,0.0
18,I251,0,20260815,-1.0,-1.0,-1.0,-1.0,0.191452,-1.0,-1.0,-1.0,-1.0,-1.0,-1.0,-1.0,-1.0,-1.0,0.0,0.0
18,I258,0,20260815,0.194897,0.498425,15.0,0.316236,0.685868,0.784392,29.765119,0.153256,9.0,1.0,5.0,4.0,0.410112,0.068417,0.0,0.0
18,I492,0,20260815,-1.0,-1.0,-1.0,-1.0,0.42582,-1.0,-1.0,-1.0,-1.0,-1.0,-1.0,-1.0,-1.0,-1.0,1.0,0.0
18,I363,1,20260815,-1.0,-1.0,-1.0,-1.0,0.329932,-1.0,-1.0,-1.0,-1.0,-1.0,-1.0,-1.0,-1.0,-1.0,1.0,0.0
19,I505,0,20260815,0.62187,0.341734,43.0,0.898604,0.133382,0.805981,84.537792,0.397356,6.0,4.0,5.0,1.0,0.468095,0.075339,1.0,0.0
19,I060,1,20260815,0.723288,0.076572,30.0,0.355415,0.847776,0.92969,33.814395,0.01331,9.0,3.0,2.0,5.0,0.489104,0.065426,0.0,0.0
19,I224,0,20260815,0.666744,0.786773,45.0,0.621562,0.57841,0.907166,37.892879,0.378656,10.0,7.0,1.0,5.0,0.462542,0.079248,1.0,0.0
19,I200,0,20260815,0.574128,0.578385,53.0,0.364337,0.36447,0.718426,80.6566,0.04711,8.0,5.0,5.0,7.0,0.462399,0.072644,1.0,0.0
19,I377,0,20260815,-1.0,-1.0,-1.0,-1.0,0.400238,-1.0,-1.0,-1.0,-1.0,-1.0,-1.0,-1.0,-1.0,-1.0,0.0,0.0
19,I254,0,20260815,-1.0,-1.0,-1.0,-1.0,0.26814,-1.0,-1.0,-1.0,-1.0,-1.0,-1.0,-1.0,-1.0,-1.0,0.0,1.0
19,I176,0,20260815,0.474353,0.747473,13.0,0.432444,0.315998,0.767308,60.366483,0.257315,9.0,5.0,3.0,2.0,0.464497,0.069856,0.0,1.0
20,I640,0,20260815,0.709282,0.755188,18.0,0.151271,0.347484,0.842426,159.7396,0.005958,9.0,2.0,3.0,7.0,0.498332,0.075825,0.0,0.0
20,I421,3,20260815,-1.0,-1.0,-1.0,-1.0,0.574856,-1.0,-1.0,-1.0,-1.0,-1.0,-1.0,-1.0,-1.0,-1.0,1.0,0.0
20,I691,0,20260815,-1.0,-1.0,-1.0,-1.0,0.539547,-1.0,-1.0,-1.0,-1.0,-1.0,-1.0,-1.0,-1.0,-1.0,0.0,0.0
20,I292,0,20260815,-1.0,-1.0,-1.0,-1.0,0.192486,-1.0,-1.0,-1.0,-1.0,-1.0,-1.0,-1.0,-1.0,-1.0,1.0,0.0
20,I658,0,20260815,-1.0,-1.0,-1.0,-1.0,0.366315,-1.0,-1.0,-1.0,-1.0,-1.0,-1.0,-1.0,-1.0,-1.0,1.0,0.0
20,I316,0,20260815,-1.0,-1.0,-1.0,-1.0,0.561801,-1.0,-1.0,-1.0,-1.0,-1.0,-1.0,-1.0,-1.0,-1.0,0.0,0.0
20,I224,0,20260815,0.666744,0.786773,45.0,0.621562,0.364384,0.907166,37.892879,0.378656,10.0,7.0,1.0,5.0,0.462542,0.079248,0.0,0.0
21,I489,0,20260815,0.345839,0.838763,78.0,0.841129,0.380683,0.844939,116.251105,0.043221,5.0,5.0,2.0,6.0,0.448447,0.083375,0.0,0.0
21,I292,0,20260815,-1.0,-1.0,-1.0,-1.0,0.404678,-1.0,-1.0,-1.0,-1.0,-1.0,-1.0,-1.0,-1.0,-1.0,1.0,0.0
21,I435,0,20260815,0.60562,0.642077,19.0,0.55727,0.12418,0.698048,100.434068,0.059135,5.0,4.0,1.0,6.0,0.482211,0.065332,0.0,0.0
21,I035,0,20260815,-1.0,-1.0,-1.0,-1.0,0.397473,-1.0,-1.0,-1.0,-1.0,-1.0,-1.0,-1.0,-1.0,-1.0,1.0,0.0
21,I570,0,20260815,0.120091,0.435759,35.0,0.698735,0.451622,0.920639,52.396208,0.102751,5.0,5.0,3.0,6.0,0.408346,0.069032,0.0,0.0
21,I410,0,20260815,-1.0,-1.0,-1.0,-1.0,0.418332,-1.0,-1.0,-1.0,-1.0,-1.0,-1.0,-1.0,-1.0,-1.0,1.0,0.0
21,I237,3,20260815,0.565292,0.2004,16.0,0.377966,0.427358,0.536927,103.885161,0.07953,11.0,7.0,1.0,2.0,0.451594,0.078944,1.0,0.0
22,I342,0,20260815,-1.0,-1.0,-1.0,-1.0,0.105292,-1.0,-1.0,-1.0,-1.0,-1.0,-1.0,-1.0,-1.0,-1.0,1.0,0.0
22,I026,,20260815,0.596185,0.2559,11.0,0.691497,0.172995,0.937409,20.519829,0.579255,1.0,1.0,4.0,2.0,0.454505,0.066281,1.0,0.0
22,I555,1,20260815,0.691295,0.913725,17.0,0.739292,0.750374,0.861488,24.871148,0.448424,6.0,5.0,2.0,3.0,0.473774,0.074236,0.0,0.0
22,I199,0,20260815,-1.0,-1.0,-1.0,-1.0,0.379289,-1.0,-1.0,-1.0,-1.0,-1.0,-1.0,-1.0,-1.0,-1.0,0.0,0.0
22,I105,0,20260815,-1.0,-1.0,-1.0,-1.0,0.837962,-1.0,-1.0,-1.0,-1.0,-1.0,-1.0,-1.0,-1.0,-1.0,0.0,0.0
22,I239,0,20260815,-1.0,-1.0,-1.0,-1.0,0.272192,-1.0,-1.0,-1.0,-1.0,-1.0,-1.0,-1.0,-1.0,-1.0,1.0,0.0
22,I306,0,20260815,-1.0,-1.0,-1.0,-1.0,0.307642,-1.0,-1.0,-1.0,-1.0,-1.0,-1.0,-1.0,-1.0,-1.0,1.0,0.0
23,I499,4,20260815,-1.0,-1.0,-1.0,-1.0,0.641864,-1.0,-1.0,-1.0,-1.0,-1.0,-1.0,-1.0,-1.0,-1.0,1.0,0.0
23,I073,0,20260815,0.473515,0.70501,58.0,0.521828,0.348918,0.92591,84.901102,0.562185,7.0,6.0,4.0,5.0,0.431981,0.068035,0.0,0.0
23,I023,0,20260815,-1.0,-1.0,-1.0,-1.0,0.15549,-1.0,-1.0,-1.0,-1.0,-1.0,-1.0,-1.0,-1.0,-1.0,1.0,0.0
23,I156,0,20260815,-1.0,-1.0,-1.0,-1.0,0.290421,-1.0,-1.0,-1.0,-1.0,-1.0,-1.0,-1.0,-1.0,-1.0,1.0,0.0
23,I337,0,20260815,-1.0,-1.0,-1.0,-1.0,0.766754,-1.0,-1.0,-1.0,-1.0,-1.0,-1.0,-1.0,-1.0,-1.0,0.0,0.0
23,I655,0,20260815,-1.0,-1.0,-1.0,-1.0,0.439288,-1.0,-1.0,-1.0,-1.0,-1.0,-1.0,-1.0,-1.0,-1.0,1.0,0.0
23,I512,0,20260815,-1.0,-1.0,-1.0,-1.0,0.360164,-1.0,-1.0,-1.0,-1.0,-1.0,-1.0,-1.0,-1.0,-1.0,1.0,1.0
24,I569,0,20260815,-1.0,-1.0,-1.0,-1.0,0.289153,-1.0,-1.0,-1.0,-1.0,-1.0,-1.0,-1.0,-1.0,-1.0,0.0,0.0
24,I625,0,20260815,0.192496,0.649257,58.0,0.58281,0.266518,0.864429,66.276438,0.247318,10.0,3.0,4.0,5.0,0.411527,0.070868,0.0,0.0
24,I021,0,20260815,0.582962,0.165882,29.0,0.3336,0.394269,0.967957,151.855184,0.566307,11.0,3.0,4.0,6.0,0.464754,0.076374,0.0,0.0
24,I199,0,20260815,-1.0,-1.0,-1.0,-1.0,0.134387,-1.0,-1.0,-1.0,-1.0,-1.0,-1.0,-1.0,-1.0,-1.0,1.0,0.0
24,I141,0,20260815,0.810764,0.588548,55.0,0.901785,0.408338,0.901531,99.254469,0.150761,8.0,2.0,3.0,5.0,0.493554,0.07713,0.0,0.0
24,I168,0,20260815,0.051956,0.453798,69.0,0.309143,0.893347,0.487374,229.69058,0.046946,3.0,1.0,5.0,6.0,0.371547,0.064456,0.0,0.0
24,I652,1,20260815,-1.0,-1.0,-1.0,-1.0,0.583079,-1.0,-1.0,-1.0,-1.0,-1.0,-1.0,-1.0,-1.0,-1.0,1.0,0.0
25,I346,1,20260815,-1.0,-1.0,-1.0,-1.0,0.70259,-1.0,-1.0,-1.0,-1.0,-1.0,-1.0,-1.0,-1.0,-1.0,1.0,0.0
25,I255,0,20260815,-1.0,-1.0,-1.0,-1.0,0.338004,-1.0,-1.0,-1.0,-1.0,-1.0,-1.0,-1.0,-1.0,-1.0,0.0,0.0
25,I506,0,20260815,-1.0,-1.0,-1.0,-1.0,0.420357,-1.0,-1.0,-1.0,-1.0,-1.0,-1.0,-1.0,-1.0,-1.0,0.0,0.0
25,I284,0,20260815,0.122373,0.669697,54.0,0.422756,0.128029,0.919955,61.161976,0.190954,7.0,1.0,3.0,6.0,0.40777,0.080695,0.0,0.0
25,I516,0,20260815,-1.0,-1.0,-1.0,-1.0,0.382406,-1.0,-1.0,-1.0,-1.0,-1.0,-1.0,-1.0,-1.0,-1.0,1.0,0.0
25,I294,0,20260815,-1.0,-1.0,-1.0,-1.0,0.168973,-1.0,-1.0,-1.0,-1.0,-1.0,-1.0,-1.0,-1.0,-1.0,1.0,0.0
25,I077,0,20260815,0.321647,0.65474,71.0,0.076157,0.161706,0.625178,88.031569,0.100214,10.0,6.0,2.0,4.0,0.416712,0.079188,0.0,1.0
26,I205,0,20260815,-1.0,-1.0,-1.0,-1.0,0.349024,-1.0,-1.0,-1.0,-1.0,-1.0,-1.0,-1.0,-1.0,-1.0,0.0,0.0
26,I117,4,20260815,-1.0,-1.0,-1.0,-1.0,0.513941,-1.0,-1.0,-1.0,-1.0,-1.0,-1.0,-1.0,-1.0,-1.0,1.0,0.0
26,I468,0,20260815,-1.0,-1.0,-1.0,-1.0,0.59856,-1.0,-1.0,-1.0,-1.0,-1.0,-1.0,-1.0,-1.0,-1.0,1.0,0.0
26,I589,0,20260815,-1.0,-1.0,-1.0,-1.0,0.669839,-1.0,-1.0,-1.0,-1.0,-1.0,-1.0,-1.0,-1.0,-1.0,0.0,0.0
26,I043,0,20260815,-1.0,-1.0,-1.0,-1.0,0.462576,-1.0,-1.0,-1.0,-1.0,-1.0,-1.0,-1.0,-1.0,-1.0,0.0,0.0
26,I201,0,20260815,-1.0,-1.0,-1.0,-1.0,0.386943,-1.0,-1.0,-1.0,-1.0,-1.0,-1.0,-1.0,-1.0,-1.0,0.0,0.0
26,I066,0,20260815,-1.0,-1.0,-1.0,-1.0,0.343767,-1.0,-1.0,-1.0,-1.0,-1.0,-1.0,-1.0,-1.0,-1.0,0.0,0.0
27,I411,0,20260815,-1.0,-1.0,-1.0,-1.0,0.489165,-1.0,-1.0,-1.0,-1.0,-1.0,-1.0,-1.0,-1.0,-1.0,0.0,0.0
27,I548,0,20260815,0.178026,0.299394,71.0,0.79034,0.170373,0.733248,107.523471,0.025634,6.0,3.0,3.0,4.0,0.403269,0.077124,1.0,0.0
27,I516,0,20260815,-1.0,-1.0,-1.0,-1.0,0.31065,-1.0,-1.0,-1.0,-1.0,-1.0,-1.0,-1.0,-1.0,-1.0,0.0,0.0
27,I294,0,20260815,-1.0,-1.0,-1.0,-1.0,0.331563,-1.0,-1.0,-1.0,-1.0,-1.0,-1.0,-1.0,-1.0,-1.0,0.0,0.0
27,I514,3,20260815,-1.0,-1.0,-1.0,-1.0,0.621018,-1.0,-1.0,-1.0,-1.0,-1.0,-1.0,-1.0,-1.0,-1.0,0.0,0.0
27,I303,0,20260815,-1.0,-1.0,-1.0,-1.0,0.645968,-1.0,-1.0,-1.0,-1.0,-1.0,-1.0,-1.0,-1.0,-1.0,0.0,0.0
27,I230,0,20260815,-1.0,-1.0,-1.0,-1.0,0.305652,-1.0,-1.0,-1.0,-1.0,-1.0,-1.0,-1.0,-1.0,-1.0,0.0,0.0
28,I200,0,20260815,0.574128,0.578385,53.0,0.364337,0.348051,0.718426,80.6566,0.04711,8.0,5.0,5.0,7.0,0.462399,0.072644,0.0,0.0
28,I657,0,20260815,-1.0,-1.0,-1.0,-1.0,0.309169,-1.0,-1.0,-1.0,-1.0,-1.0,-1.0,-1.0,-1.0,-1.0,1.0,0.0
28,I286,0,20260815,-1.0,-1.0,-1.0,-1.0,0.524883,-1.0,-1.0,-1.0,-1.0,-1.0,-1.0,-1.0,-1.0,-1.0,0.0,0.0
28,I122,,20260815,-1.0,-1.0,-1.0,-1.0,0.187271,-1.0,-1.0,-1.0,-1.0,-1.0,-1.0,-1.0,-1.0,-1.0,0.0,0.0
28,I583,0,20260815,0.404765,0.613908,47.0,0.708612,0.658935,0.808005,5.906166,0.314453,9.0,4.0,2.0,4.0,0.441786,0.066084,0.0,0.0
28,I088,0,20260815,-1.0,-1.0,-1.0,-1.0,0.321666,-1.0,-1.0,-1.0,-1.0,-1.0,-1.0,-1.0,-1.0,-1.0,1.0,0.0
28,I101,4,20260815,0.399142,0.8785,51.0,0.596635,0.299381,0.937634,28.738372,0.156799,6.0,6.0,2.0,5.0,0.455629,0.082234,0.0,0.0
29,I189,0,20260816,0.402544,0.041517,79.0,0.581664,0.497754,0.874578,282.624879,0.009166,10.0,7.0,5.0,6.0,0.449822,0.076271,0.0,0.0
29,I607,0,20260816,0.406503,0.65537,56.0,0.59123,0.192979,0.894491,28.824401,0.09047,5.0,4.0,4.0,2.0,0.423965,0.07071,1.0,0.0
29,I580,0,20260816,-1.0,-1.0,-1.0,-1.0,0.695488,-1.0,-1.0,-1.0,-1.0,-1.0,-1.0,-1.0,-1.0,-1.0,1.0,0.0
29,I292,0,20260816,-1.0,-1.0,-1.0,-1.0,0.760223,-1.0,-1.0,-1.0,-1.0,-1.0,-1.0,-1.0,-1.0,-1.0,0.0,0.0
29,I100,0,20260816,-1.0,-1.0,-1.0,-1.0,0.230077,-1.0,-1.0,-1.0,-1.0,-1.0,-1.0,-1.0,-1.0,-1.0,0.0,0.0
29,I461,0,20260816,-1.0,-1.0,-1.0,-1.0,0.252033,-1.0,-1.0,-1.0,-1.0,-1.0,-1.0,-1.0,-1.0,-1.0,0.0,0.0
29,I673,1,20260816,-1.0,-1.0,-1.0,-1.0,0.670541,-1.0,-1.0,-1.0,-1.0,-1.0,-1.0,-1.0,-1.0,-1.0,1.0,0.0
30,I009,0,20260816,-1.0,-1.0,-1.0,-1.0,0.776542,-1.0,-1.0,-1.0,-1.0,-1.0,-1.0,-1.0,-1.0,-1.0,0.0,0.0
30,I389,0,20260816,-1.0,-1.0,-1.0,-1.0,0.564109,-1.0,-1.0,-1.0,-1.0,-1.0,-1.0,-1.0,-1.0,-1.0,1.0,0.0
30,I148,1,20260816,-1.0,-1.0,-1.0,-1.0,0.509546,-1.0,-1.0,-1.0,-1.0,-1.0,-1.0,-1.0,-1.0,-1.0,1.0,0.0
30,I272,0,20260816,0.484264,0.452022,35.0,0.740966,0.5816,0.981118,165.076987,0.521535,3.0,3.0,5.0,3.0,0.434325,0.067511,0.0,0.0
30,I252,0,20260816,-1.0,-1.0,-1.0,-1.0,0.675556,-1.0,-1.0,-1.0,-1.0,-1.0,-1.0,-1.0,-1.0,-1.0,0.0,0.0
30,I115,0,20260816,0.154669,0.675131,38.0,0.150446,0.326176,0.557762,132.018287,0.218573,5.0,1.0,1.0,8.0,0.419424,0.065978,1.0,0.0
30,I640,0,20260816,0.709282,0.755188,18.0,0.151271,0.752636,0.842426,159.7396,0.005958,9.0,2.0,3.0,7.0,0.498332,0.075825,0.0,0.0
31,I376,0,20260816,-1.0,-1.0,-1.0,-1.0,0.842593,-1.0,-1.0,-1.0,-1.0,-1.0,-1.0,-1.0,-1.0,-1.0,0.0,0.0
31,I120,0,20260816,0.527335,0.56924,31.0,0.588509,0.289027,0.69579,55.581607,0.513492,2.0,1.0,2.0,7.0,0.460201,0.073708,1.0,0.0
31,I103,1,20260816,-1.0,-1.0,-1.0,-1.0,0.721968,-1.0,-1.0,-1.0,-1.0,-1.0,-1.0,-1.0,-1.0,-1.0,0.0,0.0
31,I420,0,20260816,-1.0,-1.0,-1.0,-1.0,0.393087,-1.0,-1.0,-1.0,-1.0,-1.0,-1.0,-1.0,-1.0,-1.0,0.0,0.0
31,I317,0,20260816,-1.0,-1.0,-1.0,-1.0,0.413317,-1.0,-1.0,-1.0,-1.0,-1.0,-1.0,-1.0,-1.0,-1.0,0.0,0.0
31,I370,0,20260816,-1.0,-1.0,-1.0,-1.0,0.593358,-1.0,-1.0,-1.0,-1.0,-1.0,-1.0,-1.0,-1.0,-1.0,1.0,0.0
31,I580,0,20260816,-1.0,-1.0,-1.0,-1.0,0.29699,-1.0,-1.0,-1.0,-1.0,-1.0,-1.0,-1.0,-1.0,-1.0,1.0,0.0
32,I509,,20260816,-1.0,-1.0,-1.0,-1.0,0.820768,-1.0,-1.0,-1.0,-1.0,-1.0,-1.0,-1.0,-1.0,-1.0,1.0,0.0
32,I277,0,20260816,-1.0,-1.0,-1.0,-1.0,0.776792,-1.0,-1.0,-1.0,-1.0,-1.0,-1.0,-1.0,-1.0,-1.0,0.0,0.0
32,I168,0,20260816,0.051956,0.453798,69.0,0.309143,0.512574,0.487374,229.69058,0.046946,3.0,1.0,5.0,6.0,0.371547,0.064456,1.0,0.0
32,I580,0,20260816,-1.0,-1.0,-1.0,-1.0,0.612006,-1.0,-1.0,-1.0,-1.0,-1.0,-1.0,-1.0,-1.0,-1.0,1.0,0.0
32,I293,0,20260816,-1.0,-1.0,-1.0,-1.0,0.148726,-1.0,-1.0,-1.0,-1.0,-1.0,-1.0,-1.0,-1.0,-1.0,1.0,0.0
32,I647,1,20260816,0.672658,0.70814,25.0,0.314417,0.633741,0.837039,113.862542,0.071603,2.0,2.0,3.0,6.0,0.494636,0.076021,1.0,0.0
32,I144,0,20260816,-1.0,-1.0,-1.0,-1.0,0.359294,-1.0,-1.0,-1.0,-1.0,-1.0,-1.0,-1.0,-1.0,-1.0,0.0,0.0
33,I518,0,20260816,-1.0,-1.0,-1.0,-1.0,0.73493,-1.0,-1.0,-1.0,-1.0,-1.0,-1.0,-1.0,-1.0,-1.0,1.0,0.0
33,I401,1,20260816,-1.0,-1.0,-1.0,-1.0,0.339063,-1.0,-1.0,-1.0,-1.0,-1.0,-1.0,-1.0,-1.0,-1.0,1.0,0.0
33,I216,0,20260816,0.6907,0.571376,22.0,0.715814,0.398372,0.839573,123.645569,0.076374,3.0,2.0,5.0,8.0,0.466667,0.074705,1.0,0.0
33,I412,0,20260816,-1.0,-1.0,-1.0,-1.0,0.395929,-1.0,-1.0,-1.0,-1.0,-1.0,-1.0,-1.0,-1.0,-1.0,0.0,0.0
33,I599,0,20260816,-1.0,-1.0,-1.0,-1.0,0.24607,-1.0,-1.0,-1.0,-1.0,-1.0,-1.0,-1.0,-1.0,-1.0,0.0,0.0
33,I003,0,20260816,0.387831,0.074831,21.0,0.608826,0.108829,0.83777,20.722393,0.301356,7.0,1.0,4.0,3.0,0.419546,0.07009,0.0,0.0
33,I193,0,20260816,-1.0,-1.0,-1.0,-1.0,0.37044,-1.0,-1.0,-1.0,-1.0,-1.0,-1.0,-1.0,-1.0,-1.0,0.0,0.0
34,I245,4,20260816,-1.0,-1.0,-1.0,-1.0,0.548909,-1.0,-1.0,-1.0,-1.0,-1.0,-1.0,-1.0,-1.0,-1.0,0.0,0.0
34,I669,0,20260816,-1.0,-1.0,-1.0,-1.0,0.097066,-1.0,-1.0,-1.0,-1.0,-1.0,-1.0,-1.0,-1.0,-1.0,0.0,0.0
34,I478,0,20260816,-1.0,-1.0,-1.0,-1.0,0.245664,-1.0,-1.0,-1.0,-1.0,-1.0,-1.0,-1.0,-1.0,-1.0,0.0,0.0
34,I031,0,20260816,-1.0,-1.0,-1.0,-1.0,0.273109,-1.0,-1.0,-1.0,-1.0,-1.0,-1.0,-1.0,-1.0,-1.0,1.0,0.0
34,I580,0,20260816,-1.0,-1.0,-1.0,-1.0,0.830649,-1.0,-1.0,-1.0,-1.0,-1.0,-1.0,-1.0,-1.0,-1.0,0.0,0.0
34,I425,0,20260816,-1.0,-1.0,-1.0,-1.0,0.283289,-1.0,-1.0,-1.0,-1.0,-1.0,-1.0,-1.0,-1.0,-1.0,0.0,0.0
34,I014,0,20260816,0.559886,0.491614,44.0,0.727598,0.457531,0.761843,53.627394,0.008319,6.0,6.0,3.0,6.0,0.473045,0.071344,0.0,0.0
35,I121,0,20260816,-1.0,-1.0,-1.0,-1.0,0.248873,-1.0,-1.0,-1.0,-1.0,-1.0,-1.0,-1.0,-1.0,-1.0,1.0,0.0
35,I535,0,20260816,-1.0,-1.0,-1.0,-1.0,0.454004,-1.0,-1.0,-1.0,-1.0,-1.0,-1.0,-1.0,-1.0,-1.0,0.0,1.0
35,I469,1,20260816,-1.0,-1.0,-1.0,-1.0,0.356344,-1.0,-1.0,-1.0,-1.0,-1.0,-1.0,-1.0,-1.0,-1.0,1.0,0.0
35,I105,0,20260816,-1.0,-1.0,-1.0,-1.0,0.802227,-1.0,-1.0,-1.0,-1.0,-1.0,-1.0,-1.0,-1.0,-1.0,1.0,0.0
35,I609,0,20260816,-1.0,-1.0,-1.0,-1.0,0.337931,-1.0,-1.0,-1.0,-1.0,-1.0,-1.0,-1.0,-1.0,-1.0,1.0,0.0
35,I119,0,20260816,-1.0,-1.0,-1.0,-1.0,0.107306,-1.0,-1.0,-1.0,-1.0,-1.0,-1.0,-1.0,-1.0,-1.0,0.0,0.0
35,I685,0,20260816,-1.0,-1.0,-1.0,-1.0,0.261452,-1.0,-1.0,-1.0,-1.0,-1.0,-1.0,-1.0,-1.0,-1.0,1.0,0.0
36,I622,0,20260816,-1.0,-1.0,-1.0,-1.0,0.374124,-1.0,-1.0,-1.0,-1.0,-1.0,-1.0,-1.0,-1.0,-1.0,0.0,0.0
36,I306,0,20260816,-1.0,-1.0,-1.0,-1.0,0.235158,-1.0,-1.0,-1.0,-1.0,-1.0,-1.0,-1.0,-1.0,-1.0,0.0,0.0
36,I002,0,20260816,0.550313,0.605671,13.0,0.423893,0.368377,0.886437,16.718932,0.538902,4.0,2.0,4.0,7.0,0.460931,0.074039,0.0,0.0
36,I565,0,20260816,0.211694,0.290963,65.0,0.615135,0.065635,0.730909,97.325865,0.234409,7.0,3.0,5.0,4.0,0.396684,0.064127,1.0,0.0
36,I577,0,20260816,-1.0,-1.0,-1.0,-1.0,0.321595,-1.0,-1.0,-1.0,-1.0,-1.0,-1.0,-1.0,-1.0,-1.0,0.0,0.0
36,I394,0,20260816,0.352661,0.603033,12.0,0.372722,0.239067,0.86335,81.193873,0.097397,2.0,2.0,3.0,5.0,0.439313,0.07084,0.0,0.0
36,I623,3,20260816,-1.0,-1.0,-1.0,-1.0,0.503814,-1.0,-1.0,-1.0,-1.0,-1.0,-1.0,-1.0,-1.0,-1.0,0.0,0.0
37,I409,0,20260816,-1.0,-1.0,-1.0,-1.0,0.783155,-1.0,-1.0,-1.0,-1.0,-1.0,-1.0,-1.0,-1.0,-1.0,0.0,0.0
37,I388,3,20260816,-1.0,-1.0,-1.0,-1.0,0.792808,-1.0,-1.0,-1.0,-1.0,-1.0,-1.0,-1.0,-1.0,-1.0,0.0,0.0
37,I217,0,20260816,-1.0,-1.0,-1.0,-1.0,0.350179,-1.0,-1.0,-1.0,-1.0,-1.0,-1.0,-1.0,-1.0,-1.0,0.0,0.0
37,I106,0,20260816,-1.0,-1.0,-1.0,-1.0,0.636639,-1.0,-1.0,-1.0,-1.0,-1.0,-1.0,-1.0,-1.0,-1.0,1.0,0.0
37,I159,0,20260816,-1.0,-1.0,-1.0,-1.0,0.539016,-1.0,-1.0,-1.0,-1.0,-1.0,-1.0,-1.0,-1.0,-1.0,1.0,0.0
37,I350,0,20260816,0.727303,0.719413,56.0,0.321449,0.282797,0.79281,12.088964,0.183648,7.0,5.0,3.0,7.0,0.47415,0.079438,0.0,0.0
37,I622,0,20260816,-1.0,-1.0,-1.0,-1.0,0.375404,-1.0,-1.0,-1.0,-1.0,-1.0,-1.0,-1.0,-1.0,-1.0,0.0,0.0
38,I018,4,20260816,-1.0,-1.0,-1.0,-1.0,0.981014,-1.0,-1.0,-1.0,-1.0,-1.0,-1.0,-1.0,-1.0,-1.0,0.0,0.0
38,I503,0,20260816,-1.0,-1.0,-1.0,-1.0,0.01508,-1.0,-1.0,-1.0,-1.0,-1.0,-1.0,-1.0,-1.0,-1.0,0.0,0.0
38,I545,0,20260816,0.378091,0.618705,72.0,0.464827,0.241533,0.602446,59.152104,0.018393,10.0,5.0,1.0,4.0,0.428831,0.06886,0.0,0.0
38,I615,0,20260816,-1.0,-1.0,-1.0,-1.0,0.647656,-1.0,-1.0,-1.0,-1.0,-1.0,-1.0,-1.0,-1.0,-1.0,1.0,0.0
38,I573,0,20260816,-1.0,-1.0,-1.0,-1.0,0.219721,-1.0,-1.0,-1.0,-1.0,-1.0,-1.0,-1.0,-1.0,-1.0,1.0,0.0
38,I549,0,20260816,-1.0,-1.0,-1.0,-1.0,0.48775,-1.0,-1.0,-1.0,-1.0,-1.0,-1.0,-1.0,-1.0,-1.0,0.0,0.0
38,I344,0,20260816,-1.0,-1.0,-1.0,-1.0,0.329845,-1.0,-1.0,-1.0,-1.0,-1.0,-1.0,-1.0,-1.0,-1.0,0.0,0.0
39,I130,0,20260816,0.480972,0.431213,77.0,0.768711,0.058731,0.853069,125.964346,0.090536,2.0,2.0,3.0,5.0,0.457608,0.070447,1.0,0.0
39,I372,0,20260816,-1.0,-1.0,-1.0,-1.0,0.468187,-1.0,-1.0,-1.0,-1.0,-1.0,-1.0,-1.0,-1.0,-1.0,0.0,0.0
39,I398,0,20260816,-1.0,-1.0,-1.0,-1.0,0.753585,-1.0,-1.0,-1.0,-1.0,-1.0,-1.0,-1.0,-1.0,-1.0,1.0,0.0
39,I022,0,20260816,0.731409,0.755139,76.0,0.595477,0.562801,0.853381,234.492341,0.370277,6.0,5.0,2.0,2.0,0.4727,0.064758,0.0,0.0
39,I548,1,20260816,0.178026,0.299394,71.0,0.79034,0.344986,0.733248,107.523471,0.025634,6.0,3.0,3.0,4.0,0.403269,0.077124,1.0,0.0
39,I097,0,20260816,-1.0,-1.0,-1.0,-1.0,0.073988,-1.0,-1.0,-1.0,-1.0,-1.0,-1.0,-1.0,-1.0,-1.0,0.0,0.0
39,I606,0,20260816,-1.0,-1.0,-1.0,-1.0,0.441176,-1.0,-1.0,-1.0,-1.0,-1.0,-1.0,-1.0,-1.0,-1.0,0.0,0.0
40,I531,0,20260816,0.260055,0.134449,54.0,0.359347,0.247559,0.745244,59.700342,0.045556,7.0,7.0,4.0,3.0,0.405881,0.069847,0.0,0.0
40,I350,0,20260816,0.727303,0.719413,56.0,0.321449,0.559179,0.79281,12.088964,0.183648,7.0,5.0,3.0,7.0,0.47415,0.079438,1.0,0.0
40,I114,1,20260816,-1.0,-1.0,-1.0,-1.0,0.475308,-1.0,-1.0,-1.0,-1.0,-1.0,-1.0,-1.0,-1.0,-1.0,0.0,0.0
40,I693,0,20260816,-1.0,-1.0,-1.0,-1.0,0.61375,-1.0,-1.0,-1.0,-1.0,-1.0,-1.0,-1.0,-1.0,-1.0,0.0,0.0
40,I583,0,20260816,0.404765,0.613908,47.0,0.708612,0.6095,0.808005,5.906166,0.314453,9.0,4.0,2.0,4.0,0.441786,0.066084,0.0,0.0
40,I262,0,20260816,-1.0,-1.0,-1.0,-1.0,0.209172,-1.0,-1.0,-1.0,-1.0,-1.0,-1.0,-1.0,-1.0,-1.0,1.0,0.0
40,I520,0,20260816,0.140628,0.778721,8.0,0.372647,0.380282,0.866708,14.380639,0.045263,4.0,4.0,2.0,7.0,0.382093,0.076882,0.0,0.0
41,I574,0,20260816,-1.0,-1.0,-1.0,-1.0,0.24378,-1.0,-1.0,-1.0,-1.0,-1.0,-1.0,-1.0,-1.0,-1.0,0.0,0.0
41,I262,0,20260816,-1.0,-1.0,-1.0,-1.0,0.724027,-1.0,-1.0,-1.0,-1.0,-1.0,-1.0,-1.0,-1.0,-1.0,1.0,0.0
41,I415,0,20260816,-1.0,-1.0,-1.0,-1.0,0.489778,-1.0,-1.0,-1.0,-1.0,-1.0,-1.0,-1.0,-1.0,-1.0,0.0,0.0
41,I151,0,20260816,0.033016,0.745915,49.0,0.516998,0.25695,0.839774,27.445816,0.40966,5.0,5.0,1.0,4.0,0.379963,0.065015,1.0,0.0
41,I690,0,20260816,0.255849,0.336695,74.0,0.656216,0.244519,0.614289,69.613809,0.150304,6.0,5.0,4.0,5.0,0.404383,0.076413,0.0,0.0
41,I698,10,20260816,0.746589,0.265975,65.0,0.646273,0.651749,0.885368,40.909642,0.248878,6.0,4.0,4.0,6.0,0.50588,0.077683,1.0,1.0
41,I564,0,20260816,-1.0,-1.0,-1.0,-1.0,0.425741,-1.0,-1.0,-1.0,-1.0,-1.0,-1.0,-1.0,-1.0,-1.0,0.0,0.0
42,I507,0,20260816,-1.0,-1.0,-1.0,-1.0,0.118537,-1.0,-1.0,-1.0,-1.0,-1.0,-1.0,-1.0,-1.0,-1.0,1.0,0.0
42,I003,0,20260816,0.387831,0.074831,21.0,0.608826,0.567114,0.83777,20.722393,0.301356,7.0,1.0,4.0,3.0,0.419546,0.07009,0.0,0.0
42,I631,1,20260816,-1.0,-1.0,-1.0,-1.0,0.73687,-1.0,-1.0,-1.0,-1.0,-1.0,-1.0,-1.0,-1.0,-1.0,1.0,0.0
42,I341,0,20260816,-1.0,-1.0,-1.0,-1.0,0.735862,-1.0,-1.0,-1.0,-1.0,-1.0,-1.0,-1.0,-1.0,-1.0,0.0,0.0
42,I264,0,20260816,-1.0,-1.0,-1.0,-1.0,0.53068,-1.0,-1.0,-1.0,-1.0,-1.0,-1.0,-1.0,-1.0,-1.0,1.0,0.0
42,I357,0,20260816,-1.0,-1.0,-1.0,-1.0,0.098837,-1.0,-1.0,-1.0,-1.0,-1.0,-1.0,-1.0,-1.0,-1.0,0.0,0.0
42,I146,0,20260816,-1.0,-1.0,-1.0,-1.0,0.321272,-1.0,-1.0,-1.0,-1.0,-1.0,-1.0,-1.0,-1.0,-1.0,0.0,0.0
43,I340,0,20260817,-1.0,-1.0,-1.0,-1.0,0.30535,-1.0,-1.0,-1.0,-1.0,-1.0,-1.0,-1.0,-1.0,-1.0,1.0,0.0
43,I344,0,20260817,-1.0,-1.0,-1.0,-1.0,0.431519,-1.0,-1.0,-1.0,-1.0,-1.0,-1.0,-1.0,-1.0,-1.0,1.0,0.0
43,I478,1,20260817,-1.0,-1.0,-1.0,-1.0,0.589729,-1.0,-1.0,-1.0,-1.0,-1.0,-1.0,-1.0,-1.0,-1.0,1.0,0.0
43,I514,0,20260817,-1.0,-1.0,-1.0,-1.0,0.156753,-1.0,-1.0,-1.0,-1.0,-1.0,-1.0,-1.0,-1.0,-1.0,1.0,0.0
43,I269,0,20260817,-1.0,-1.0,-1.0,-1.0,0.014873,-1.0,-1.0,-1.0,-1.0,-1.0,-1.0,-1.0,-1.0,-1.0,1.0,0.0
43,I618,0,20260817,-1.0,-1.0,-1.0,-1.0,0.288162,-1.0,-1.0,-1.0,-1.0,-1.0,-1.0,-1.0,-1.0,-1.0,0.0,0.0
43,I137,0,20260817,-1.0,-1.0,-1.0,-1.0,0.440935,-1.0,-1.0,-1.0,-1.0,-1.0,-1.0,-1.0,-1.0,-1.0,0.0,0.0
44,I500,0,20260817,-1.0,-1.0,-1.0,-1.0,0.189258,-1.0,-1.0,-1.0,-1.0,-1.0,-1.0,-1.0,-1.0,-1.0,0.0,0.0
44,I513,0,20260817,-1.0,-1.0,-1.0,-1.0,0.376545,-1.0,-1.0,-1.0,-1.0,-1.0,-1.0,-1.0,-1.0,-1.0,1.0,0.0
44,I309,0,20260817,-1.0,-1.0,-1.0,-1.0,0.689734,-1.0,-1.0,-1.0,-1.0,-1.0,-1.0,-1.0,-1.0,-1.0,0.0,0.0
44,I146,0,20260817,-1.0,-1.0,-1.0,-1.0,0.295734,-1.0,-1.0,-1.0,-1.0,-1.0,-1.0,-1.0,-1.0,-1.0,1.0,0.0
44,I283,1,20260817,-1.0,-1.0,-1.0,-1.0,0.5917,-1.0,-1.0,-1.0,-1.0,-1.0,-1.0,-1.0,-1.0,-1.0,1.0,1.0
44,I469,0,20260817,-1.0,-1.0,-1.0,-1.0,0.301011,-1.0,-1.0,-1.0,-1.0,-1.0,-1.0,-1.0,-1.0,-1.0,1.0,0.0
44,I675,0,20260817,-1.0,-1.0,-1.0,-1.0,0.401023,-1.0,-1.0,-1.0,-1.0,-1.0,-1.0,-1.0,-1.0,-1.0,0.0,0.0
45,I388,0,20260817,-1.0,-1.0,-1.0,-1.0,0.164538,-1.0,-1.0,-1.0,-1.0,-1.0,-1.0,-1.0,-1.0,-1.0,0.0,0.0
45,I145,3,20260817,0.189008,0.447788,47.0,0.595586,0.54503,0.945596,7.911944,0.500949,3.0,3.0,1.0,6.0,0.421671,0.075116,1.0,0.0
45,I389,0,20260817,-1.0,-1.0,-1.0,-1.0,0.274946,-1.0,-1.0,-1.0,-1.0,-1.0,-1.0,-1.0,-1.0,-1.0,0.0,0.0
45,I499,0,20260817,-1.0,-1.0,-1.0,-1.0,0.363562,-1.0,-1.0,-1.0,-1.0,-1.0,-1.0,-1.0,-1.0,-1.0,0.0,1.0
45,I470,0,20260817,-1.0,-1.0,-1.0,-1.0,0.290492,-1.0,-1.0,-1.0,-1.0,-1.0,-1.0,-1.0,-1.0,-1.0,0.0,0.0
45,I192,0,20260817,0.304198,0.377814,11.0,0.298845,0.24316,0.812569,59.009024,0.219358,7.0,1.0,4.0,8.0,0.437012,0.069106,0.0,0.0
45,I545,,20260817,0.378091,0.618705,72.0,0.464827,0.087897,0.602446,59.152104,0.018393,10.0,5.0,1.0,4.0,0.428831,0.06886,1.0,0.0
46,I146,0,20260817,-1.0,-1.0,-1.0,-1.0,0.23534,-1.0,-1.0,-1.0,-1.0,-1.0,-1.0,-1.0,-1.0,-1.0,0.0,0.0
46,I441,0,20260817,-1.0,-1.0,-1.0,-1.0,0.331076,-1.0,-1.0,-1.0,-1.0,-1.0,-1.0,-1.0,-1.0,-1.0,1.0,0.0
46,I259,,20260817,-1.0,-1.0,-1.0,-1.0,0.763781,-1.0,-1.0,-1.0,-1.0,-1.0,-1.0,-1.0,-1.0,-1.0,0.0,0.0
46,I173,0,20260817,0.324429,0.277534,53.0,0.665125,0.089289,0.810489,36.631717,0.083485,9.0,6.0,2.0,6.0,0.425764,0.083502,0.0,0.0
46,I342,0,20260817,-1.0,-1.0,-1.0,-1.0,0.180891,-1.0,-1.0,-1.0,-1.0,-1.0,-1.0,-1.0,-1.0,-1.0,1.0,0.0
46,I015,3,20260817,-1.0,-1.0,-1.0,-1.0,0.800568,-1.0,-1.0,-1.0,-1.0,-1.0,-1.0,-1.0,-1.0,-1.0,0.0,0.0
46,I379,0,20260817,0.797061,0.799543,24.0,0.803216,0.159868,0.850028,98.280227,0.178413,5.0,3.0,4.0,4.0,0.480229,0.077962,0.0,0.0
47,I385,1,20260817,0.445808,0.119986,50.0,0.81766,0.775424,0.784962,101.864025,0.102217,3.0,2.0,5.0,3.0,0.43672,0.069895,1.0,0.0
47,I093,0,20260817,-1.0,-1.0,-1.0,-1.0,0.364183,-1.0,-1.0,-1.0,-1.0,-1.0,-1.0,-1.0,-1.0,-1.0,0.0,0.0
47,I650,,20260817,-1.0,-1.0,-1.0,-1.0,0.060958,-1.0,-1.0,-1.0,-1.0,-1.0,-1.0,-1.0,-1.0,-1.0,1.0,0.0
47,I449,0,20260817,-1.0,-1.0,-1.0,-1.0,0.422383,-1.0,-1.0,-1.0,-1.0,-1.0,-1.0,-1.0,-1.0,-1.0,0.0,0.0
47,I218,0,20260817,0.571112,0.613421,20.0,0.526514,0.260634,0.750206,31.064895,0.125075,9.0,4.0,4.0,8.0,0.452367,0.079444,1.0,0.0
47,I065,0,20260817,-1.0,-1.0,-1.0,-1.0,0.389766,-1.0,-1.0,-1.0,-1.0,-1.0,-1.0,-1.0,-1.0,-1.0,0.0,0.0
47,I286,0,20260817,-1.0,-1.0,-1.0,-1.0,0.327064,-1.0,-1.0,-1.0,-1.0,-1.0,-1.0,-1.0,-1.0,-1.0,0.0,0.0
48,I206,0,20260817,-1.0,-1.0,-1.0,-1.0,0.20739,-1.0,-1.0,-1.0,-1.0,-1.0,-1.0,-1.0,-1.0,-1.0,0.0,1.0
48,I152,0,20260817,0.218005,0.740443,14.0,0.64886,0.955238,0.893245,112.665192,0.152026,1.0,1.0,1.0,3.0,0.416941,0.081104,1.0,0.0
48,I509,0,20260817,-1.0,-1.0,-1.0,-1.0,0.435263,-1.0,-1.0,-1.0,-1.0,-1.0,-1.0,-1.0,-1.0,-1.0,1.0,0.0
48,I131,0,20260817,-1.0,-1.0,-1.0,-1.0,0.226658,-1.0,-1.0,-1.0,-1.0,-1.0,-1.0,-1.0,-1.0,-1.0,0.0,0.0
48,I185,0,20260817,0.481527,0.595469,47.0,0.554703,0.498874,0.790128,50.970982,0.572851,3.0,1.0,4.0,5.0,0.463675,0.071823,1.0,0.0
48,I647,0,20260817,0.672658,0.70814,25.0,0.314417,0.227028,0.837039,113.862542,0.071603,2.0,2.0,3.0,6.0,0.494636,0.076021,0.0,0.0
48,I692,3,20260817,-1.0,-1.0,-1.0,-1.0,0.730958,-1.0,-1.0,-1.0,-1.0,-1.0,-1.0,-1.0,-1.0,-1.0,1.0,0.0
49,I468,4,20260817,-1.0,-1.0,-1.0,-1.0,0.556917,-1.0,-1.0,-1.0,-1.0,-1.0,-1.0,-1.0,-1.0,-1.0,1.0,0.0
49,I138,0,20260817,-1.0,-1.0,-1.0,-1.0,0.198035,-1.0,-1.0,-1.0,-1.0,-1.0,-1.0,-1.0,-1.0,-1.0,0.0,0.0
49,I638,0,20260817,-1.0,-1.0,-1.0,-1.0,0.49,-1.0,-1.0,-1.0,-1.0,-1.0,-1.0,-1.0,-1.0,-1.0,0.0,0.0
49,I628,0,20260817,-1.0,-1.0,-1.0,-1.0,0.358013,-1.0,-1.0,-1.0,-1.0,-1.0,-1.0,-1.0,-1.0,-1.0,1.0,0.0
49,I034,0,20260817,0.816119,0.084784,64.0,0.477637,0.277679,0.86032,26.949748,0.325351,1.0,1.0,5.0,1.0,0.510671,0.076676,1.0,0.0
49,I174,0,20260817,-1.0,-1.0,-1.0,-1.0,0.419303,-1.0,-1.0,-1.0,-1.0,-1.0,-1.0,-1.0,-1.0,-1.0,0.0,0.0
49,I489,0,20260817,0.345839,0.838763,78.0,0.841129,0.285787,0.844939,116.251105,0.043221,5.0,5.0,2.0,6.0,0.448447,0.083375,0.0,0.0
50,I044,0,20260817,-1.0,-1.0,-1.0,-1.0,0.593789,-1.0,-1.0,-1.0,-1.0,-1.0,-1.0,-1.0,-1.0,-1.0,1.0,0.0
50,I276,,20260817,0.421494,0.091632,62.0,0.581332,0.67791,0.954965,118.058236,0.028127,4.0,2.0,4.0,2.0,0.440228,0.067458,0.0,0.0
50,I265,0,20260817,-1.0,-1.0,-1.0,-1.0,0.500657,-1.0,-1.0,-1.0,-1.0,-1.0,-1.0,-1.0,-1.0,-1.0,1.0,0.0
50,I422,1,20260817,-1.0,-1.0,-1.0,-1.0,0.601883,-1.0,-1.0,-1.0,-1.0,-1.0,-1.0,-1.0,-1.0,-1.0,1.0,0.0
50,I379,0,20260817,0.797061,0.799543,24.0,0.803216,0.583704,0.850028,98.280227,0.178413,5.0,3.0,4.0,4.0,0.480229,0.077962,1.0,0.0
50,I240,0,20260817,-1.0,-1.0,-1.0,-1.0,0.730836,-1.0,-1.0,-1.0,-1.0,-1.0,-1.0,-1.0,-1.0,-1.0,0.0,0.0
50,I057,0,20260817,-1.0,-1.0,-1.0,-1.0,0.437506,-1.0,-1.0,-1.0,-1.0,-1.0,-1.0,-1.0,-1.0,-1.0,1.0,0.0
51,I461,0,20260817,-1.0,-1.0,-1.0,-1.0,0.258593,-1.0,-1.0,-1.0,-1.0,-1.0,-1.0,-1.0,-1.0,-1.0,1.0,0.0
51,I383,0,20260817,-1.0,-1.0,-1.0,-1.0,0.118437,-1.0,-1.0,-1.0,-1.0,-1.0,-1.0,-1.0,-1.0,-1.0,0.0,0.0
51,I515,0,20260817,-1.0,-1.0,-1.0,-1.0,0.189407,-1.0,-1.0,-1.0,-1.0,-1.0,-1.0,-1.0,-1.0,-1.0,0.0,0.0
51,I147,0,20260817,0.22109,0.169742,46.0,0.691733,0.180069,0.929975,158.592366,0.098196,10.0,4.0,2.0,8.0,0.414595,0.072489,1.0,0.0
51,I510,0,20260817,-1.0,-1.0,-1.0,-1.0,0.403891,-1.0,-1.0,-1.0,-1.0,-1.0,-1.0,-1.0,-1.0,-1.0,0.0,0.0
51,I300,1,20260817,0.298633,0.458603,53.0,0.460951,0.323157,0.864026,12.065376,0.175981,8.0,1.0,2.0,7.0,0.44451,0.076188,1.0,0.0
51,I227,0,20260817,-1.0,-1.0,-1.0,-1.0,0.130697,-1.0,-1.0,-1.0,-1.0,-1.0,-1.0,-1.0,-1.0,-1.0,1.0,0.0
52,I160,0,20260817,0.700892,0.875811,13.0,0.139877,0.098567,0.861021,45.678805,0.276834,11.0,5.0,5.0,7.0,0.466162,0.06926,1.0,0.0
52,I177,0,20260817,-1.0,-1.0,-1.0,-1.0,0.164886,-1.0,-1.0,-1.0,-1.0,-1.0,-1.0,-1.0,-1.0,-1.0,1.0,0.0
52,I664,0,20260817,-1.0,-1.0,-1.0,-1.0,0.109758,-1.0,-1.0,-1.0,-1.0,-1.0,-1.0,-1.0,-1.0,-1.0,0.0,0.0
52,I244,1,20260817,-1.0,-1.0,-1.0,-1.0,0.197216,-1.0,-1.0,-1.0,-1.0,-1.0,-1.0,-1.0,-1.0,-1.0,1.0,0.0
52,I422,0,20260817,-1.0,-1.0,-1.0,-1.0,0.563775,-1.0,-1.0,-1.0,-1.0,-1.0,-1.0,-1.0,-1.0,-1.0,1.0,0.0
52,I381,0,20260817,-1.0,-1.0,-1.0,-1.0,0.329445,-1.0,-1.0,-1.0,-1.0,-1.0,-1.0,-1.0,-1.0,-1.0,1.0,0.0
52,I391,0,20260817,-1.0,-1.0,-1.0,-1.0,0.143087,-1.0,-1.0,-1.0,-1.0,-1.0,-1.0,-1.0,-1.0,-1.0,1.0,0.0
53,I132,0,20260817,0.440324,0.22578,64.0,0.645522,0.430557,0.800916,55.460989,0.049544,7.0,7.0,5.0,2.0,0.441113,0.07107,0.0,0.0
53,I030,0,20260817,-1.0,-1.0,-1.0,-1.0,0.527201,-1.0,-1.0,-1.0,-1.0,-1.0,-1.0,-1.0,-1.0,-1.0,0.0,0.0
53,I173,0,20260817,0.324429,0.277534,53.0,0.665125,0.090143,0.810489,36.631717,0.083485,9.0,6.0,2.0,6.0,0.425764,0.083502,1.0,0.0
53,I338,0,20260817,-1.0,-1.0,-1.0,-1.0,0.172717,-1.0,-1.0,-1.0,-1.0,-1.0,-1.0,-1.0,-1.0,-1.0,1.0,0.0
53,I307,3,20260817,-1.0,-1.0,-1.0,-1.0,0.870633,-1.0,-1.0,-1.0,-1.0,-1.0,-1.0,-1.0,-1.0,-1.0,0.0,0.0
53,I344,0,20260817,-1.0,-1.0,-1.0,-1.0,0.204994,-1.0,-1.0,-1.0,-1.0,-1.0,-1.0,-1.0,-1.0,-1.0,0.0,0.0
53,I380,,20260817,-1.0,-1.0,-1.0,-1.0,0.317244,-1.0,-1.0,-1.0,-1.0,-1.0,-1.0,-1.0,-1.0,-1.0,1.0,0.0
54,I241,,20260817,-1.0,-1.0,-1.0,-1.0,0.274799,-1.0,-1.0,-1.0,-1.0,-1.0,-1.0,-1.0,-1.0,-1.0,1.0,0.0
54,I357,0,20260817,-1.0,-1.0,-1.0,-1.0,0.550146,-1.0,-1.0,-1.0,-1.0,-1.0,-1.0,-1.0,-1.0,-1.0,1.0,0.0
54,I138,0,20260817,-1.0,-1.0,-1.0,-1.0,0.58503,-1.0,-1.0,-1.0,-1.0,-1.0,-1.0,-1.0,-1.0,-1.0,1.0,1.0
54,I151,4,20260817,0.033016,0.745915,49.0,0.516998,0.458602,0.839774,27.445816,0.40966,5.0,5.0,1.0,4.0,0.379963,0.065015,1.0,0.0
54,I376,0,20260817,-1.0,-1.0,-1.0,-1.0,0.684804,-1.0,-1.0,-1.0,-1.0,-1.0,-1.0,-1.0,-1.0,-1.0,0.0,0.0
54,I696,0,20260817,0.558116,0.864112,25.0,0.438431,0.48617,0.719899,37.051433,0.415977,6.0,6.0,4.0,3.0,0.481308,0.075367,1.0,0.0
54,I637,0,20260817,-1.0,-1.0,-1.0,-1.0,0.430269,-1.0,-1.0,-1.0,-1.0,-1.0,-1.0,-1.0,-1.0,-1.0,1.0,0.0
55,I359,0,20260817,-1.0,-1.0,-1.0,-1.0,0.070136,-1.0,-1.0,-1.0,-1.0,-1.0,-1.0,-1.0,-1.0,-1.0,1.0,0.0
55,I293,0,20260817,-1.0,-1.0,-1.0,-1.0,0.272487,-1.0,-1.0,-1.0,-1.0,-1.0,-1.0,-1.0,-1.0,-1.0,1.0,0.0
55,I278,0,20260817,-1.0,-1.0,-1.0,-1.0,0.648665,-1.0,-1.0,-1.0,-1.0,-1.0,-1.0,-1.0,-1.0,-1.0,0.0,0.0
55,I607,0,20260817,0.406503,0.65537,56.0,0.59123,0.734413,0.894491,28.824401,0.09047,5.0,4.0,4.0,2.0,0.423965,0.07071,0.0,0.0
55,I573,1,20260817,-1.0,-1.0,-1.0,-1.0,0.695033,-1.0,-1.0,-1.0,-1.0,-1.0,-1.0,-1.0,-1.0,-1.0,1.0,0.0
55,I207,0,20260817,0.735183,0.445974,8.0,0.154554,0.47038,0.966761,39.238852,0.293314,4.0,4.0,4.0,8.0,0.494178,0.070808,1.0,0.0
55,I404,0,20260817,-1.0,-1.0,-1.0,-1.0,0.609261,-1.0,-1.0,-1.0,-1.0,-1.0,-1.0,-1.0,-1.0,-1.0,1.0,0.0
56,I580,0,20260817,-1.0,-1.0,-1.0,-1.0,0.619489,-1.0,-1.0,-1.0,-1.0,-1.0,-1.0,-1.0,-1.0,-1.0,1.0,0.0
56,I201,3,20260817,-1.0,-1.0,-1.0,-1.0,0.663448,-1.0,-1.0,-1.0,-1.0,-1.0,-1.0,-1.0,-1.0,-1.0,1.0,0.0
56,I229,0,20260817,0.851417,0.698593,58.0,0.541106,0.805526,0.74907,27.471758,0.076798,1.0,1.0,2.0,6.0,0.510733,0.065628,1.0,0.0
56,I058,0,20260817,-1.0,-1.0,-1.0,-1.0,0.341984,-1.0,-1.0,-1.0,-1.0,-1.0,-1.0,-1.0,-1.0,-1.0,1.0,0.0
56,I440,0,20260817,-1.0,-1.0,-1.0,-1.0,0.233273,-1.0,-1.0,-1.0,-1.0,-1.0,-1.0,-1.0,-1.0,-1.0,0.0,0.0
56,I632,0,20260817,-1.0,-1.0,-1.0,-1.0,0.237835,-1.0,-1.0,-1.0,-1.0,-1.0,-1.0,-1.0,-1.0,-1.0,0.0,0.0
56,I350,0,20260817,0.727303,0.719413,56.0,0.321449,0.823559,0.79281,12.088964,0.183648,7.0,5.0,3.0,7.0,0.47415,0.079438,1.0,1.0
57,I518,0,20260818,-1.0,-1.0,-1.0,-1.0,0.284315,-1.0,-1.0,-1.0,-1.0,-1.0,-1.0,-1.0,-1.0,-1.0,0.0,0.0
57,I696,0,20260818,0.558116,0.864112,25.0,0.438431,0.36711,0.719899,37.051433,0.415977,6.0,6.0,4.0,3.0,0.481308,0.075367,0.0,0.0
57,I488,0,20260818,-1.0,-1.0,-1.0,-1.0,0.290363,-1.0,-1.0,-1.0,-1.0,-1.0,-1.0,-1.0,-1.0,-1.0,0.0,0.0
57,I216,0,20260818,0.6907,0.571376,22.0,0.715814,0.491594,0.839573,123.645569,0.076374,3.0,2.0,5.0,8.0,0.466667,0.074705,0.0,0.0
57,I665,0,20260818,-1.0,-1.0,-1.0,-1.0,0.710478,-1.0,-1.0,-1.0,-1.0,-1.0,-1.0,-1.0,-1.0,-1.0,0.0,0.0
57,I024,3,20260818,-1.0,-1.0,-1.0,-1.0,0.914694,-1.0,-1.0,-1.0,-1.0,-1.0,-1.0,-1.0,-1.0,-1.0,1.0,0.0
57,I173,0,20260818,0.324429,0.277534,53.0,0.665125,0.805133,0.810489,36.631717,0.083485,9.0,6.0,2.0,6.0,0.425764,0.083502,0.0,0.0
58,I648,0,20260818,-1.0,-1.0,-1.0,-1.0,0.584137,-1.0,-1.0,-1.0,-1.0,-1.0,-1.0,-1.0,-1.0,-1.0,0.0,0.0
58,I644,,20260818,-1.0,-1.0,-1.0,-1.0,0.409732,-1.0,-1.0,-1.0,-1.0,-1.0,-1.0,-1.0,-1.0,-1.0,0.0,0.0
58,I142,0,20260818,-1.0,-1.0,-1.0,-1.0,0.715823,-1.0,-1.0,-1.0,-1.0,-1.0,-1.0,-1.0,-1.0,-1.0,0.0,0.0
58,I371,0,20260818,0.37625,0.83213,16.0,0.212421,0.099864,0.906989,47.485515,0.11213,6.0,1.0,2.0,5.0,0.428744,0.070211,1.0,0.0
58,I149,10,20260818,-1.0,-1.0,-1.0,-1.0,0.948955,-1.0,-1.0,-1.0,-1.0,-1.0,-1.0,-1.0,-1.0,-1.0,0.0,0.0
58,I165,0,20260818,-1.0,-1.0,-1.0,-1.0,0.886643,-1.0,-1.0,-1.0,-1.0,-1.0,-1.0,-1.0,-1.0,-1.0,0.0,0.0
58,I248,0,20260818,-1.0,-1.0,-1.0,-1.0,0.504273,-1.0,-1.0,-1.0,-1.0,-1.0,-1.0,-1.0,-1.0,-1.0,0.0,0.0
59,I312,0,20260818,-1.0,-1.0,-1.0,-1.0,0.869286,-1.0,-1.0,-1.0,-1.0,-1.0,-1.0,-1.0,-1.0,-1.0,1.0,0.0
59,I015,0,20260818,-1.0,-1.0,-1.0,-1.0,0.807799,-1.0,-1.0,-1.0,-1.0,-1.0,-1.0,-1.0,-1.0,-1.0,1.0,0.0
59,I056,0,20260818,-1.0,-1.0,-1.0,-1.0,0.241613,-1.0,-1.0,-1.0,-1.0,-1.0,-1.0,-1.0,-1.0,-1.0,0.0,0.0
59,I348,0,20260818,-1.0,-1.0,-1.0,-1.0,0.279829,-1.0,-1.0,-1.0,-1.0,-1.0,-1.0,-1.0,-1.0,-1.0,0.0,0.0
59,I275,0,20260818,0.789139,0.534545,27.0,0.197497,0.218005,0.952597,102.272186,0.136332,3.0,3.0,2.0,4.0,0.479485,0.066177,1.0,0.0
59,I087,0,20260818,-1.0,-1.0,-1.0,-1.0,0.153695,-1.0,-1.0,-1.0,-1.0,-1.0,-1.0,-1.0,-1.0,-1.0,0.0,0.0
59,I282,1,20260818,0.290268,0.415675,35.0,0.445759,0.572739,0.775867,84.446765,0.166195,11.0,1.0,2.0,4.0,0.40996,0.065435,1.0,0.0
60,I352,0,20260818,0.241232,0.585207,28.0,0.68247,0.471867,0.961787,6.943185,0.009648,10.0,4.0,3.0,2.0,0.39909,0.079545,1.0,0.0
60,I308,0,20260818,0.15765,0.149939,45.0,0.653511,0.368584,0.850117,70.300919,0.381788,8.0,7.0,3.0,7.0,0.387263,0.067478,0.0,0.0
60,I136,4,20260818,-1.0,-1.0,-1.0,-1.0,0.456201,-1.0,-1.0,-1.0,-1.0,-1.0,-1.0,-1.0,-1.0,-1.0,1.0,0.0
60,I567,0,20260818,-1.0,-1.0,-1.0,-1.0,0.109968,-1.0,-1.0,-1.0,-1.0,-1.0,-1.0,-1.0,-1.0,-1.0,0.0,1.0
60,I303,0,20260818,-1.0,-1.0,-1.0,-1.0,0.452285,-1.0,-1.0,-1.0,-1.0,-1.0,-1.0,-1.0,-1.0,-1.0,1.0,0.0
60,I430,0,20260818,0.225843,0.77565,62.0,0.185424,0.303018,0.909693,56.643324,0.688799,11.0,7.0,2.0,1.0,0.419217,0.075763,1.0,0.0
60,I113,0,20260818,-1.0,-1.0,-1.0,-1.0,0.556777,-1.0,-1.0,-1.0,-1.0,-1.0,-1.0,-1.0,-1.0,-1.0,0.0,0.0
61,I129,0,20260818,-1.0,-1.0,-1.0,-1.0,0.641393,-1.0,-1.0,-1.0,-1.0,-1.0,-1.0,-1.0,-1.0,-1.0,0.0,0.0
61,I068,1,20260818,0.327354,0.91409,64.0,0.802337,0.265853,0.701549,145.389753,0.020661,8.0,5.0,2.0,7.0,0.419506,0.071691,1.0,0.0
61,I208,0,20260818,-1.0,-1.0,-1.0,-1.0,0.855346,-1.0,-1.0,-1.0,-1.0,-1.0,-1.0,-1.0,-1.0,-1.0,0.0,0.0
61,I426,0,20260818,-1.0,-1.0,-1.0,-1.0,0.261319,-1.0,-1.0,-1.0,-1.0,-1.0,-1.0,-1.0,-1.0,-1.0,1.0,0.0
61,I340,0,20260818,-1.0,-1.0,-1.0,-1.0,0.343119,-1.0,-1.0,-1.0,-1.0,-1.0,-1.0,-1.0,-1.0,-1.0,0.0,0.0
61,I657,0,20260818,-1.0,-1.0,-1.0,-1.0,0.340271,-1.0,-1.0,-1.0,-1.0,-1.0,-1.0,-1.0,-1.0,-1.0,1.0,0.0
61,I500,0,20260818,-1.0,-1.0,-1.0,-1.0,0.365935,-1.0,-1.0,-1.0,-1.0,-1.0,-1.0,-1.0,-1.0,-1.0,1.0,0.0
62,I073,0,20260818,0.473515,0.70501,58.0,0.521828,0.509169,0.92591,84.901102,0.562185,7.0,6.0,4.0,5.0,0.431981,0.068035,1.0,0.0
62,I226,0,20260818,-1.0,-1.0,-1.0,-1.0,0.506116,-1.0,-1.0,-1.0,-1.0,-1.0,-1.0,-1.0,-1.0,-1.0,0.0,1.0
62,I000,0,20260818,-1.0,-1.0,-1.0,-1.0,0.221951,-1.0,-1.0,-1.0,-1.0,-1.0,-1.0,-1.0,-1.0,-1.0,0.0,0.0
62,I227,0,20260818,-1.0,-1.0,-1.0,-1.0,0.838376,-1.0,-1.0,-1.0,-1.0,-1.0,-1.0,-1.0,-1.0,-1.0,0.0,0.0
62,I551,0,20260818,-1.0,-1.0,-1.0,-1.0,0.546226,-1.0,-1.0,-1.0,-1.0,-1.0,-1.0,-1.0,-1.0,-1.0,0.0,0.0
62,I034,3,20260818,0.816119,0.084784,64.0,0.477637,0.518823,0.86032,26.949748,0.325351,1.0,1.0,5.0,1.0,0.510671,0.076676,0.0,0.0
62,I631,0,20260818,-1.0,-1.0,-1.0,-1.0,0.467989,-1.0,-1.0,-1.0,-1.0,-1.0,-1.0,-1.0,-1.0,-1.0,1.0,0.0
63,I640,1,20260818,0.709282,0.755188,18.0,0.151271,0.748983,0.842426,159.7396,0.005958,9.0,2.0,3.0,7.0,0.498332,0.075825,1.0,0.0
63,I052,0,20260818,0.485223,0.633406,29.0,0.840164,0.49564,0.823971,69.515659,0.344907,6.0,1.0,2.0,8.0,0.450611,0.066116,1.0,0.0
63,I001,0,20260818,-1.0,-1.0,-1.0,-1.0,0.634706,-1.0,-1.0,-1.0,-1.0,-1.0,-1.0,-1.0,-1.0,-1.0,0.0,0.0
63,I103,0,20260818,-1.0,-1.0,-1.0,-1.0,0.822991,-1.0,-1.0,-1.0,-1.0,-1.0,-1.0,-1.0,-1.0,-1.0,0.0,0.0
63,I260,0,20260818,-1.0,-1.0,-1.0,-1.0,0.344876,-1.0,-1.0,-1.0,-1.0,-1.0,-1.0,-1.0,-1.0,-1.0,1.0,0.0
63,I459,0,20260818,-1.0,-1.0,-1.0,-1.0,0.716641,-1.0,-1.0,-1.0,-1.0,-1.0,-1.0,-1.0,-1.0,-1.0,0.0,0.0
63,I456,0,20260818,-1.0,-1.0,-1.0,-1.0,0.115655,-1.0,-1.0,-1.0,-1.0,-1.0,-1.0,-1.0,-1.0,-1.0,0.0,0.0
64,I668,0,20260818,-1.0,-1.0,-1.0,-1.0,0.165196,-1.0,-1.0,-1.0,-1.0,-1.0,-1.0,-1.0,-1.0,-1.0,1.0,0.0
64,I281,0,20260818,0.863541,0.799766,74.0,0.878015,0.131595,0.890504,30.26209,0.437709,11.0,1.0,5.0,5.0,0.504001,0.077164,1.0,0.0
64,I578,1,20260818,0.23277,0.415806,79.0,0.716156,0.919651,0.909382,22.126011,0.021867,3.0,3.0,3.0,2.0,0.420136,0.076858,0.0,0.0
64,I625,0,20260818,0.192496,0.649257,58.0,0.58281,0.401068,0.864429,66.276438,0.247318,10.0,3.0,4.0,5.0,0.411527,0.070868,0.0,0.0
64,I395,0,20260818,-1.0,-1.0,-1.0,-1.0,0.898423,-1.0,-1.0,-1.0,-1.0,-1.0,-1.0,-1.0,-1.0,-1.0,1.0,0.0
64,I246,0,20260818,0.732941,0.712229,12.0,0.744734,0.493274,0.787905,167.614054,0.140592,1.0,1.0,2.0,5.0,0.509239,0.074354,0.0,0.0
64,I483,0,20260818,-1.0,-1.0,-1.0,-1.0,0.334012,-1.0,-1.0,-1.0,-1.0,-1.0,-1.0,-1.0,-1.0,-1.0,0.0,0.0
65,I591,0,20260818,-1.0,-1.0,-1.0,-1.0,0.693871,-1.0,-1.0,-1.0,-1.0,-1.0,-1.0,-1.0,-1.0,-1.0,0.0,1.0
65,I456,0,20260818,-1.0,-1.0,-1.0,-1.0,0.194685,-1.0,-1.0,-1.0,-1.0,-1.0,-1.0,-1.0,-1.0,-1.0,0.0,0.0
65,I406,0,20260818,-1.0,-1.0,-1.0,-1.0,0.104835,-1.0,-1.0,-1.0,-1.0,-1.0,-1.0,-1.0,-1.0,-1.0,1.0,0.0
65,I324,0,20260818,-1.0,-1.0,-1.0,-1.0,0.213455,-1.0,-1.0,-1.0,-1.0,-1.0,-1.0,-1.0,-1.0,-1.0,1.0,0.0
65,I370,0,20260818,-1.0,-1.0,-1.0,-1.0,0.884309,-1.0,-1.0,-1.0,-1.0,-1.0,-1.0,-1.0,-1.0,-1.0,0.0,1.0
65,I661,0,20260818,-1.0,-1.0,-1.0,-1.0,0.564824,-1.0,-1.0,-1.0,-1.0,-1.0,-1.0,-1.0,-1.0,-1.0,1.0,0.0
65,I282,1,20260818,0.290268,0.415675,35.0,0.445759,0.431292,0.775867,84.446765,0.166195,11.0,1.0,2.0,4.0,0.40996,0.065435,1.0,1.0
66,I086,4,20260818,-1.0,-1.0,-1.0,-1.0,0.327945,-1.0,-1.0,-1.0,-1.0,-1.0,-1.0,-1.0,-1.0,-1.0,0.0,0.0
66,I340,0,20260818,-1.0,-1.0,-1.0,-1.0,0.183659,-1.0,-1.0,-1.0,-1.0,-1.0,-1.0,-1.0,-1.0,-1.0,0.0,0.0
66,I376,0,20260818,-1.0,-1.0,-1.0,-1.0,0.391548,-1.0,-1.0,-1.0,-1.0,-1.0,-1.0,-1.0,-1.0,-1.0,1.0,0.0
66,I113,0,20260818,-1.0,-1.0,-1.0,-1.0,0.387614,-1.0,-1.0,-1.0,-1.0,-1.0,-1.0,-1.0,-1.0,-1.0,0.0,0.0
66,I450,0,20260818,0.538237,0.847721,61.0,0.622475,0.493848,0.662722,43.458944,0.511378,7.0,2.0,5.0,1.0,0.468047,0.067201,0.0,0.0
66,I639,0,20260818,-1.0,-1.0,-1.0,-1.0,0.138765,-1.0,-1.0,-1.0,-1.0,-1.0,-1.0,-1.0,-1.0,-1.0,0.0,0.0
66,I417,0,20260818,-1.0,-1.0,-1.0,-1.0,0.246357,-1.0,-1.0,-1.0,-1.0,-1.0,-1.0,-1.0,-1.0,-1.0,0.0,0.0
67,I387,1,20260818,-1.0,-1.0,-1.0,-1.0,0.477903,-1.0,-1.0,-1.0,-1.0,-1.0,-1.0,-1.0,-1.0,-1.0,1.0,0.0
67,I584,0,20260818,0.212034,0.683625,54.0,0.348002,0.183397,0.821534,87.659875,0.088412,4.0,3.0,5.0,8.0,0.394669,0.075011,0.0,0.0
67,I238,0,20260818,-1.0,-1.0,-1.0,-1.0,0.621431,-1.0,-1.0,-1.0,-1.0,-1.0,-1.0,-1.0,-1.0,-1.0,0.0,0.0
67,I024,0,20260818,-1.0,-1.0,-1.0,-1.0,0.22001,-1.0,-1.0,-1.0,-1.0,-1.0,-1.0,-1.0,-1.0,-1.0,1.0,0.0
67,I438,0,20260818,-1.0,-1.0,-1.0,-1.0,0.276945,-1.0,-1.0,-1.0,-1.0,-1.0,-1.0,-1.0,-1.0,-1.0,0.0,1.0
67,I662,0,20260818,0.290477,0.65062,19.0,0.636422,0.579757,0.746291,78.291161,0.283178,5.0,5.0,2.0,1.0,0.412191,0.079838,0.0,0.0
67,I651,0,20260818,-1.0,-1.0,-1.0,-1.0,0.695015,-1.0,-1.0,-1.0,-1.0,-1.0,-1.0,-1.0,-1.0,-1.0,1.0,0.0
68,I620,0,20260818,-1.0,-1.0,-1.0,-1.0,0.30488,-1.0,-1.0,-1.0,-1.0,-1.0,-1.0,-1.0,-1.0,-1.0,1.0,0.0
68,I331,1,20260818,-1.0,-1.0,-1.0,-1.0,0.839727,-1.0,-1.0,-1.0,-1.0,-1.0,-1.0,-1.0,-1.0,-1.0,0.0,0.0
68,I305,0,20260818,0.400355,0.695676,66.0,0.841426,0.085991,0.759496,43.01201,0.23609,6.0,6.0,4.0,2.0,0.441,0.076057,1.0,0.0
68,I169,0,20260818,0.308862,0.866018,24.0,0.541607,0.365041,0.713876,69.669676,0.302694,8.0,3.0,5.0,7.0,0.441702,0.081555,0.0,0.0
68,I111,0,20260818,-1.0,-1.0,-1.0,-1.0,0.477404,-1.0,-1.0,-1.0,-1.0,-1.0,-1.0,-1.0,-1.0,-1.0,0.0,0.0
68,I556,0,20260818,-1.0,-1.0,-1.0,-1.0,0.338007,-1.0,-1.0,-1.0,-1.0,-1.0,-1.0,-1.0,-1.0,-1.0,1.0,0.0
68,I479,0,20260818,-1.0,-1.0,-1.0,-1.0,0.333971,-1.0,-1.0,-1.0,-1.0,-1.0,-1.0,-1.0,-1.0,-1.0,1.0,0.0
69,I447,1,20260818,0.046236,0.367432,16.0,0.695621,0.627778,0.877523,34.185644,0.065884,7.0,7.0,4.0,6.0,0.374447,0.065137,1.0,0.0
69,I072,0,20260818,-1.0,-1.0,-1.0,-1.0,0.062988,-1.0,-1.0,-1.0,-1.0,-1.0,-1.0,-1.0,-1.0,-1.0,0.0,0.0
69,I125,0,20260818,0.512241,0.462609,60.0,0.383478,0.567228,0.687089,13.36978,0.346815,10.0,1.0,1.0,1.0,0.451494,0.083813,1.0,0.0
69,I283,0,20260818,-1.0,-1.0,-1.0,-1.0,0.34733,-1.0,-1.0,-1.0,-1.0,-1.0,-1.0,-1.0,-1.0,-1.0,0.0,1.0
69,I462,0,20260818,0.762995,0.462795,77.0,0.25635,0.367661,0.86606,9.634817,0.13696,7.0,7.0,3.0,6.0,0.50502,0.075236,0.0,0.0
69,I159,0,20260818,-1.0,-1.0,-1.0,-1.0,0.591942,-1.0,-1.0,-1.0,-1.0,-1.0,-1.0,-1.0,-1.0,-1.0,0.0,0.0
69,I472,0,20260818,-1.0,-1.0,-1.0,-1.0,0.745468,-1.0,-1.0,-1.0,-1.0,-1.0,-1.0,-1.0,-1.0,-1.0,0.0,0.0
70,I490,0,20260818,-1.0,-1.0,-1.0,-1.0,0.595274,-1.0,-1.0,-1.0,-1.0,-1.0,-1.0,-1.0,-1.0,-1.0,1.0,0.0
70,I096,0,20260818,-1.0,-1.0,-1.0,-1.0,0.559387,-1.0,-1.0,-1.0,-1.0,-1.0,-1.0,-1.0,-1.0,-1.0,1.0,0.0
70,I338,1,20260818,-1.0,-1.0,-1.0,-1.0,0.679441,-1.0,-1.0,-1.0,-1.0,-1.0,-1.0,-1.0,-1.0,-1.0,0.0,0.0
70,I002,0,20260818,0.550313,0.605671,13.0,0.423893,0.329358,0.886437,16.718932,0.538902,4.0,2.0,4.0,7.0,0.460931,0.074039,0.0,0.0
70,I498,0,20260818,-1.0,-1.0,-1.0,-1.0,0.230163,-1.0,-1.0,-1.0,-1.0,-1.0,-1.0,-1.0,-1.0,-1.0,0.0,0.0
70,I398,0,20260818,-1.0,-1.0,-1.0,-1.0,0.360315,-1.0,-1.0,-1.0,-1.0,-1.0,-1.0,-1.0,-1.0,-1.0,1.0,0.0
70,I109,0,20260818,-1.0,-1.0,-1.0,-1.0,0.239395,-1.0,-1.0,-1.0,-1.0,-1.0,-1.0,-1.0,-1.0,-1.0,1.0,0.0
71,I159,0,20260819,-1.0,-1.0,-1.0,-1.0,0.284529,-1.0,-1.0,-1.0,-1.0,-1.0,-1.0,-1.0,-1.0,-1.0,0.0,0.0
71,I501,0,20260819,-1.0,-1.0,-1.0,-1.0,0.595211,-1.0,-1.0,-1.0,-1.0,-1.0,-1.0,-1.0,-1.0,-1.0,1.0,1.0
71,I246,0,20260819,0.732941,0.712229,12.0,0.744734,0.467663,0.787905,167.614054,0.140592,1.0,1.0,2.0,5.0,0.509239,0.074354,0.0,0.0
71,I232,0,20260819,0.145623,0.746535,35.0,0.638089,0.786101,0.905025,33.10619,0.517335,4.0,4.0,5.0,7.0,0.418279,0.08091,0.0,0.0
71,I242,0,20260819,0.641629,0.481532,19.0,0.592632,0.430749,0.590586,49.999068,0.006428,7.0,1.0,2.0,6.0,0.486633,0.075909,1.0,0.0
71,I664,0,20260819,-1.0,-1.0,-1.0,-1.0,0.448572,-1.0,-1.0,-1.0,-1.0,-1.0,-1.0,-1.0,-1.0,-1.0,0.0,0.0
71,I197,3,20260819,0.925407,0.308839,31.0,0.746499,0.817678,0.548793,40.158226,0.094653,6.0,1.0,3.0,5.0,0.505752,0.077598,0.0,1.0
72,I100,0,20260819,-1.0,-1.0,-1.0,-1.0,0.213421,-1.0,-1.0,-1.0,-1.0,-1.0,-1.0,-1.0,-1.0,-1.0,1.0,0.0
72,I553,0,20260819,-1.0,-1.0,-1.0,-1.0,0.217857,-1.0,-1.0,-1.0,-1.0,-1.0,-1.0,-1.0,-1.0,-1.0,0.0,0.0
72,I074,0,20260819,-1.0,-1.0,-1.0,-1.0,0.136892,-1.0,-1.0,-1.0,-1.0,-1.0,-1.0,-1.0,-1.0,-1.0,1.0,0.0
72,I495,0,20260819,0.428623,0.416575,71.0,0.702235,0.332467,0.707774,83.029575,0.18811,6.0,2.0,1.0,2.0,0.457909,0.073262,0.0,0.0
72,I612,1,20260819,0.759645,0.568331,57.0,0.689304,0.473514,0.972391,51.347051,0.227353,9.0,6.0,5.0,1.0,0.474533,0.076521,1.0,0.0
72,I284,0,20260819,0.122373,0.669697,54.0,0.422756,0.273963,0.919955,61.161976,0.190954,7.0,1.0,3.0,6.0,0.40777,0.080695,1.0,0.0
72,I543,0,20260819,-1.0,-1.0,-1.0,-1.0,0.280118,-1.0,-1.0,-1.0,-1.0,-1.0,-1.0,-1.0,-1.0,-1.0,0.0,0.0
73,I217,0,20260819,-1.0,-1.0,-1.0,-1.0,0.622496,-1.0,-1.0,-1.0,-1.0,-1.0,-1.0,-1.0,-1.0,-1.0,1.0,1.0
73,I171,0,20260819,0.5089,0.590045,63.0,0.699973,0.221598,0.850412,118.696981,0.231842,4.0,4.0,2.0,8.0,0.460646,0.083458,1.0,1.0
73,I040,0,20260819,-1.0,-1.0,-1.0,-1.0,0.297042,-1.0,-1.0,-1.0,-1.0,-1.0,-1.0,-1.0,-1.0,-1.0,1.0,0.0
73,I530,0,20260819,-1.0,-1.0,-1.0,-1.0,0.352822,-1.0,-1.0,-1.0,-1.0,-1.0,-1.0,-1.0,-1.0,-1.0,1.0,0.0
73,I663,4,20260819,0.317889,0.315741,47.0,0.411204,0.742646,0.746851,21.466021,0.004065,3.0,3.0,5.0,7.0,0.435322,0.075564,0.0,0.0
73,I605,0,20260819,-1.0,-1.0,-1.0,-1.0,0.317759,-1.0,-1.0,-1.0,-1.0,-1.0,-1.0,-1.0,-1.0,-1.0,0.0,0.0
73,I697,0,20260819,-1.0,-1.0,-1.0,-1.0,0.828782,-1.0,-1.0,-1.0,-1.0,-1.0,-1.0,-1.0,-1.0,-1.0,0.0,0.0
74,I556,0,20260819,-1.0,-1.0,-1.0,-1.0,0.727086,-1.0,-1.0,-1.0,-1.0,-1.0,-1.0,-1.0,-1.0,-1.0,0.0,0.0
74,I295,0,20260819,-1.0,-1.0,-1.0,-1.0,0.411937,-1.0,-1.0,-1.0,-1.0,-1.0,-1.0,-1.0,-1.0,-1.0,0.0,0.0
74,I668,0,20260819,-1.0,-1.0,-1.0,-1.0,0.535033,-1.0,-1.0,-1.0,-1.0,-1.0,-1.0,-1.0,-1.0,-1.0,1.0,0.0
74,I075,0,20260819,-1.0,-1.0,-1.0,-1.0,0.248975,-1.0,-1.0,-1.0,-1.0,-1.0,-1.0,-1.0,-1.0,-1.0,1.0,0.0
74,I494,1,20260819,-1.0,-1.0,-1.0,-1.0,0.479683,-1.0,-1.0,-1.0,-1.0,-1.0,-1.0,-1.0,-1.0,-1.0,1.0,0.0
74,I203,0,20260819,0.408386,0.523926,46.0,0.558855,0.613219,0.845057,37.460653,0.176341,10.0,3.0,5.0,8.0,0.45723,0.078705,1.0,0.0
74,I655,0,20260819,-1.0,-1.0,-1.0,-1.0,0.345095,-1.0,-1.0,-1.0,-1.0,-1.0,-1.0,-1.0,-1.0,-1.0,1.0,0.0
75,I110,,20260819,-1.0,-1.0,-1.0,-1.0,0.07984,-1.0,-1.0,-1.0,-1.0,-1.0,-1.0,-1.0,-1.0,-1.0,0.0,0.0
75,I168,0,20260819,0.051956,0.453798,69.0,0.309143,0.400664,0.487374,229.69058,0.046946,3.0,1.0,5.0,6.0,0.371547,0.064456,1.0,0.0
75,I589,,20260819,-1.0,-1.0,-1.0,-1.0,0.518512,-1.0,-1.0,-1.0,-1.0,-1.0,-1.0,-1.0,-1.0,-1.0,1.0,0.0
75,I484,0,20260819,-1.0,-1.0,-1.0,-1.0,0.555603,-1.0,-1.0,-1.0,-1.0,-1.0,-1.0,-1.0,-1.0,-1.0,0.0,0.0
75,I073,0,20260819,0.473515,0.70501,58.0,0.521828,0.635827,0.92591,84.901102,0.562185,7.0,6.0,4.0,5.0,0.431981,0.068035,0.0,0.0
75,I254,3,20260819,-1.0,-1.0,-1.0,-1.0,0.915736,-1.0,-1.0,-1.0,-1.0,-1.0,-1.0,-1.0,-1.0,-1.0,1.0,0.0
75,I504,0,20260819,-1.0,-1.0,-1.0,-1.0,0.370848,-1.0,-1.0,-1.0,-1.0,-1.0,-1.0,-1.0,-1.0,-1.0,0.0,0.0
76,I598,0,20260819,0.316742,0.621478,11.0,0.480961,0.151719,0.786574,46.084311,0.225698,2.0,2.0,2.0,7.0,0.427507,0.070629,0.0,0.0
76,I628,0,20260819,-1.0,-1.0,-1.0,-1.0,0.29098,-1.0,-1.0,-1.0,-1.0,-1.0,-1.0,-1.0,-1.0,-1.0,1.0,0.0
76,I421,0,20260819,-1.0,-1.0,-1.0,-1.0,0.230982,-1.0,-1.0,-1.0,-1.0,-1.0,-1.0,-1.0,-1.0,-1.0,1.0,0.0
76,I540,0,20260819,-1.0,-1.0,-1.0,-1.0,0.67711,-1.0,-1.0,-1.0,-1.0,-1.0,-1.0,-1.0,-1.0,-1.0,0.0,0.0
76,I520,0,20260819,0.140628,0.778721,8.0,0.372647,0.503316,0.866708,14.380639,0.045263,4.0,4.0,2.0,7.0,0.382093,0.076882,1.0,0.0
76,I383,0,20260819,-1.0,-1.0,-1.0,-1.0,0.124906,-1.0,-1.0,-1.0,-1.0,-1.0,-1.0,-1.0,-1.0,-1.0,0.0,0.0
76,I115,3,20260819,0.154669,0.675131,38.0,0.150446,0.92759,0.557762,132.018287,0.218573,5.0,1.0,1.0,8.0,0.419424,0.065978,1.0,0.0
77,I250,0,20260819,0.303477,0.559038,61.0,0.63555,0.442916,0.644498,14.066922,0.035778,2.0,2.0,3.0,8.0,0.433292,0.083705,1.0,0.0
77,I094,0,20260819,0.754832,0.482792,61.0,0.460265,0.198069,0.7056,126.807527,0.568917,7.0,6.0,2.0,3.0,0.489847,0.073802,0.0,0.0
77,I531,0,20260819,0.260055,0.134449,54.0,0.359347,0.75466,0.745244,59.700342,0.045556,7.0,7.0,4.0,3.0,0.405881,0.069847,0.0,1.0
77,I086,0,20260819,-1.0,-1.0,-1.0,-1.0,0.207257,-1.0,-1.0,-1.0,-1.0,-1.0,-1.0,-1.0,-1.0,-1.0,0.0,0.0
77,I466,0,20260819,0.234452,0.297846,58.0,0.500064,0.538499,0.879116,97.263164,0.118312,1.0,1.0,4.0,7.0,0.403872,0.065209,0.0,0.0
77,I315,0,20260819,0.663988,0.486993,73.0,0.391282,0.4478,0.847165,14.860517,0.116117,11.0,2.0,5.0,7.0,0.460644,0.070467,0.0,0.0
77,I095,1,20260819,-1.0,-1.0,-1.0,-1.0,0.50957,-1.0,-1.0,-1.0,-1.0,-1.0,-1.0,-1.0,-1.0,-1.0,1.0,0.0
78,I295,0,20260819,-1.0,-1.0,-1.0,-1.0,0.431245,-1.0,-1.0,-1.0,-1.0,-1.0,-1.0,-1.0,-1.0,-1.0,1.0,0.0
78,I367,10,20260819,-1.0,-1.0,-1.0,-1.0,0.35971,-1.0,-1.0,-1.0,-1.0,-1.0,-1.0,-1.0,-1.0,-1.0,1.0,0.0
78,I165,0,20260819,-1.0,-1.0,-1.0,-1.0,0.496356,-1.0,-1.0,-1.0,-1.0,-1.0,-1.0,-1.0,-1.0,-1.0,0.0,0.0
78,I542,0,20260819,-1.0,-1.0,-1.0,-1.0,0.531534,-1.0,-1.0,-1.0,-1.0,-1.0,-1.0,-1.0,-1.0,-1.0,0.0,0.0
78,I298,0,20260819,0.373473,0.625356,51.0,0.639565,0.383617,0.610412,24.349965,0.748038,10.0,1.0,1.0,6.0,0.418933,0.071065,0.0,0.0
78,I323,0,20260819,-1.0,-1.0,-1.0,-1.0,0.181577,-1.0,-1.0,-1.0,-1.0,-1.0,-1.0,-1.0,-1.0,-1.0,0.0,0.0
78,I078,0,20260819,0.589138,0.701736,37.0,0.548955,0.50415,0.833605,61.00921,0.053399,2.0,2.0,4.0,6.0,0.472711,0.072107,1.0,0.0
79,I349,1,20260819,-1.0,-1.0,-1.0,-1.0,0.42873,-1.0,-1.0,-1.0,-1.0,-1.0,-1.0,-1.0,-1.0,-1.0,0.0,0.0
79,I477,0,20260819,0.435978,0.704652,22.0,0.602962,0.277372,0.970009,68.840529,0.209977,7.0,7.0,1.0,7.0,0.429292,0.082832,0.0,0.0
79,I631,0,20260819,-1.0,-1.0,-1.0,-1.0,0.410964,-1.0,-1.0,-1.0,-1.0,-1.0,-1.0,-1.0,-1.0,-1.0,0.0,1.0
79,I064,0,20260819,0.648879,0.759294,63.0,0.640036,0.174074,0.803797,9.045869,0.104677,10.0,7.0,2.0,4.0,0.463726,0.083097,0.0,0.0
79,I038,0,20260819,-1.0,-1.0,-1.0,-1.0,0.070876,-1.0,-1.0,-1.0,-1.0,-1.0,-1.0,-1.0,-1.0,-1.0,0.0,1.0
79,I430,0,20260819,0.225843,0.77565,62.0,0.185424,0.430112,0.909693,56.643324,0.688799,11.0,7.0,2.0,1.0,0.419217,0.075763,0.0,1.0
79,I417,0,20260819,-1.0,-1.0,-1.0,-1.0,0.404815,-1.0,-1.0,-1.0,-1.0,-1.0,-1.0,-1.0,-1.0,-1.0,0.0,0.0
80,I153,,20260819,-1.0,-1.0,-1.0,-1.0,0.80768,-1.0,-1.0,-1.0,-1.0,-1.0,-1.0,-1.0,-1.0,-1.0,0.0,1.0
80,I190,0,20260819,-1.0,-1.0,-1.0,-1.0,0.337523,-1.0,-1.0,-1.0,-1.0,-1.0,-1.0,-1.0,-1.0,-1.0,1.0,1.0
80,I351,,20260819,0.364212,0.604549,19.0,0.662908,0.372998,0.950133,83.926698,0.31267,8.0,4.0,4.0,2.0,0.435376,0.07933,0.0,0.0
80,I412,0,20260819,-1.0,-1.0,-1.0,-1.0,0.376998,-1.0,-1.0,-1.0,-1.0,-1.0,-1.0,-1.0,-1.0,-1.0,1.0,0.0
80,I221,0,20260819,0.442938,0.619417,53.0,0.730369,0.400386,0.674955,39.439317,0.272381,8.0,1.0,3.0,3.0,0.451839,0.073659,0.0,1.0
80,I150,1,20260819,0.672279,0.505707,79.0,0.680459,0.661699,0.622963,38.217477,0.124367,9.0,4.0,5.0,8.0,0.472632,0.070796,1.0,0.0
80,I535,0,20260819,-1.0,-1.0,-1.0,-1.0,0.61188,-1.0,-1.0,-1.0,-1.0,-1.0,-1.0,-1.0,-1.0,-1.0,0.0,0.0
81,I467,0,20260819,0.65247,0.978576,45.0,0.272548,0.234277,0.832929,36.632022,0.024334,7.0,1.0,2.0,2.0,0.493016,0.083143,0.0,0.0
81,I103,4,20260819,-1.0,-1.0,-1.0,-1.0,0.427804,-1.0,-1.0,-1.0,-1.0,-1.0,-1.0,-1.0,-1.0,-1.0,1.0,0.0
81,I536,0,20260819,0.235425,0.576409,16.0,0.369413,0.473959,0.694368,79.525234,0.522684,1.0,1.0,5.0,4.0,0.397853,0.077581,1.0,0.0
81,I364,0,20260819,0.175346,0.543572,31.0,0.624487,0.121593,0.954977,30.477413,0.190004,10.0,5.0,4.0,5.0,0.392442,0.07709,1.0,1.0
81,I561,0,20260819,0.24448,0.167817,52.0,0.188007,0.035496,0.952742,41.663995,0.175372,10.0,4.0,5.0,3.0,0.398338,0.072275,1.0,1.0
81,I538,0,20260819,0.768093,0.156472,52.0,0.377934,0.11879,0.803353,17.503082,0.02525,2.0,1.0,1.0,7.0,0.513972,0.079045,1.0,0.0
81,I339,0,20260819,-1.0,-1.0,-1.0,-1.0,0.149642,-1.0,-1.0,-1.0,-1.0,-1.0,-1.0,-1.0,-1.0,-1.0,0.0,0.0
82,I367,0,20260819,-1.0,-1.0,-1.0,-1.0,0.228021,-1.0,-1.0,-1.0,-1.0,-1.0,-1.0,-1.0,-1.0,-1.0,0.0,0.0
82,I048,0,20260819,-1.0,-1.0,-1.0,-1.0,0.308136,-1.0,-1.0,-1.0,-1.0,-1.0,-1.0,-1.0,-1.0,-1.0,0.0,0.0
82,I181,0,20260819,-1.0,-1.0,-1.0,-1.0,0.150622,-1.0,-1.0,-1.0,-1.0,-1.0,-1.0,-1.0,-1.0,-1.0,1.0,0.0
82,I274,3,20260819,-1.0,-1.0,-1.0,-1.0,0.633132,-1.0,-1.0,-1.0,-1.0,-1.0,-1.0,-1.0,-1.0,-1.0,0.0,0.0
82,I536,0,20260819,0.235425,0.576409,16.0,0.369413,0.526183,0.694368,79.525234,0.522684,1.0,1.0,5.0,4.0,0.397853,0.077581,0.0,0.0
82,I511,0,20260819,0.527609,0.468314,36.0,0.635666,0.135718,0.814599,41.738714,0.698559,9.0,6.0,3.0,6.0,0.447038,0.072756,1.0,0.0
82,I238,0,20260819,-1.0,-1.0,-1.0,-1.0,0.428142,-1.0,-1.0,-1.0,-1.0,-1.0,-1.0,-1.0,-1.0,-1.0,0.0,0.0
83,I578,0,20260819,0.23277,0.415806,79.0,0.716156,0.787845,0.909382,22.126011,0.021867,3.0,3.0,3.0,2.0,0.420136,0.076858,0.0,0.0
83,I327,0,20260819,0.586402,0.173751,71.0,0.697372,0.353352,0.753314,74.426382,0.388458,7.0,7.0,1.0,4.0,0.466786,0.077719,1.0,0.0
83,I056,0,20260819,-1.0,-1.0,-1.0,-1.0,0.370986,-1.0,-1.0,-1.0,-1.0,-1.0,-1.0,-1.0,-1.0,-1.0,0.0,0.0
83,I690,0,20260819,0.255849,0.336695,74.0,0.656216,0.625416,0.614289,69.613809,0.150304,6.0,5.0,4.0,5.0,0.404383,0.076413,0.0,0.0
83,I526,0,20260819,-1.0,-1.0,-1.0,-1.0,0.654486,-1.0,-1.0,-1.0,-1.0,-1.0,-1.0,-1.0,-1.0,-1.0,1.0,0.0
83,I082,1,20260819,-1.0,-1.0,-1.0,-1.0,0.541895,-1.0,-1.0,-1.0,-1.0,-1.0,-1.0,-1.0,-1.0,-1.0,1.0,0.0
83,I515,0,20260819,-1.0,-1.0,-1.0,-1.0,0.659008,-1.0,-1.0,-1.0,-1.0,-1.0,-1.0,-1.0,-1.0,-1.0,1.0,0.0
84,I533,0,20260819,0.23398,0.634718,14.0,0.171958,0.609631,0.854899,25.71914,0.217122,5.0,5.0,1.0,3.0,0.4071,0.079539,1.0,0.0
84,I305,0,20260819,0.400355,0.695676,66.0,0.841426,0.589172,0.759496,43.01201,0.23609,6.0,6.0,4.0,2.0,0.441,0.076057,0.0,0.0
84,I440,0,20260819,-1.0,-1.0,-1.0,-1.0,0.395857,-1.0,-1.0,-1.0,-1.0,-1.0,-1.0,-1.0,-1.0,-1.0,0.0,0.0
84,I487,1,20260819,0.205357,0.189739,61.0,0.755299,0.690975,0.888342,97.608037,0.013395,6.0,6.0,4.0,8.0,0.413461,0.077212,1.0,0.0
84,I193,0,20260819,-1.0,-1.0,-1.0,-1.0,0.055905,-1.0,-1.0,-1.0,-1.0,-1.0,-1.0,-1.0,-1.0,-1.0,1.0,0.0
84,I127,0,20260819,0.435163,0.780922,42.0,0.601966,0.354639,0.615717,76.287958,0.029438,10.0,7.0,1.0,5.0,0.429349,0.065192,1.0,0.0
84,I300,,20260819,0.298633,0.458603,53.0,0.460951,0.826889,0.864026,12.065376,0.175981,8.0,1.0,2.0,7.0,0.44451,0.076188,0.0,0.0
85,I003,0,20260820,0.387831,0.074831,21.0,0.608826,0.338665,0.83777,20.722393,0.301356,7.0,1.0,4.0,3.0,0.419546,0.07009,0.0,0.0
85,I117,0,20260820,-1.0,-1.0,-1.0,-1.0,0.683026,-1.0,-1.0,-1.0,-1.0,-1.0,-1.0,-1.0,-1.0,-1.0,0.0,0.0
85,I531,0,20260820,0.260055,0.134449,54.0,0.359347,0.204382,0.745244,59.700342,0.045556,7.0,7.0,4.0,3.0,0.405881,0.069847,1.0,0.0
85,I216,1,20260820,0.6907,0.571376,22.0,0.715814,0.334068,0.839573,123.645569,0.076374,3.0,2.0,5.0,8.0,0.466667,0.074705,1.0,0.0
85,I121,0,20260820,-1.0,-1.0,-1.0,-1.0,0.549865,-1.0,-1.0,-1.0,-1.0,-1.0,-1.0,-1.0,-1.0,-1.0,0.0,0.0
85,I328,0,20260820,-1.0,-1.0,-1.0,-1.0,0.443639,-1.0,-1.0,-1.0,-1.0,-1.0,-1.0,-1.0,-1.0,-1.0,0.0,0.0
85,I680,0,20260820,-1.0,-1.0,-1.0,-1.0,0.332244,-1.0,-1.0,-1.0,-1.0,-1.0,-1.0,-1.0,-1.0,-1.0,1.0,0.0
86,I020,0,20260820,-1.0,-1.0,-1.0,-1.0,0.235941,-1.0,-1.0,-1.0,-1.0,-1.0,-1.0,-1.0,-1.0,-1.0,0.0,0.0
86,I664,4,20260820,-1.0,-1.0,-1.0,-1.0,0.391295,-1.0,-1.0,-1.0,-1.0,-1.0,-1.0,-1.0,-1.0,-1.0,1.0,1.0
86,I630,0,20260820,0.547395,0.432648,77.0,0.539504,0.363422,0.758188,17.39872,0.351567,7.0,6.0,1.0,1.0,0.446832,0.072346,0.0,1.0
86,I213,0,20260820,-1.0,-1.0,-1.0,-1.0,0.670883,-1.0,-1.0,-1.0,-1.0,-1.0,-1.0,-1.0,-1.0,-1.0,0.0,0.0
86,I527,0,20260820,-1.0,-1.0,-1.0,-1.0,0.348755,-1.0,-1.0,-1.0,-1.0,-1.0,-1.0,-1.0,-1.0,-1.0,1.0,0.0
86,I013,0,20260820,-1.0,-1.0,-1.0,-1.0,0.207197,-1.0,-1.0,-1.0,-1.0,-1.0,-1.0,-1.0,-1.0,-1.0,0.0,0.0
86,I290,0,20260820,0.252964,0.282709,38.0,0.759357,0.525887,0.927421,74.019209,0.378794,4.0,4.0,4.0,4.0,0.410071,0.071092,0.0,0.0
87,I439,0,20260820,-1.0,-1.0,-1.0,-1.0,0.507967,-1.0,-1.0,-1.0,-1.0,-1.0,-1.0,-1.0,-1.0,-1.0,0.0,0.0
87,I621,0,20260820,-1.0,-1.0,-1.0,-1.0,0.893901,-1.0,-1.0,-1.0,-1.0,-1.0,-1.0,-1.0,-1.0,-1.0,0.0,0.0
87,I463,3,20260820,0.392352,0.670375,60.0,0.616697,0.401942,0.94233,91.72284,0.07127,1.0,1.0,3.0,3.0,0.448956,0.07918,1.0,0.0
87,I553,0,20260820,-1.0,-1.0,-1.0,-1.0,0.297021,-1.0,-1.0,-1.0,-1.0,-1.0,-1.0,-1.0,-1.0,-1.0,1.0,0.0
87,I302,0,20260820,-1.0,-1.0,-1.0,-1.0,0.227231,-1.0,-1.0,-1.0,-1.0,-1.0,-1.0,-1.0,-1.0,-1.0,0.0,0.0
87,I523,0,20260820,-1.0,-1.0,-1.0,-1.0,0.678959,-1.0,-1.0,-1.0,-1.0,-1.0,-1.0,-1.0,-1.0,-1.0,1.0,1.0
87,I665,0,20260820,-1.0,-1.0,-1.0,-1.0,0.217048,-1.0,-1.0,-1.0,-1.0,-1.0,-1.0,-1.0,-1.0,-1.0,1.0,0.0
88,I610,1,20260820,-1.0,-1.0,-1.0,-1.0,0.697073,-1.0,-1.0,-1.0,-1.0,-1.0,-1.0,-1.0,-1.0,-1.0,1.0,0.0
88,I543,0,20260820,-1.0,-1.0,-1.0,-1.0,0.414459,-1.0,-1.0,-1.0,-1.0,-1.0,-1.0,-1.0,-1.0,-1.0,0.0,0.0
88,I497,0,20260820,0.272621,0.780353,76.0,0.673934,0.458339,0.960576,79.063552,0.40928,2.0,2.0,4.0,2.0,0.407516,0.065203,1.0,1.0
88,I433,,20260820,-1.0,-1.0,-1.0,-1.0,0.337868,-1.0,-1.0,-1.0,-1.0,-1.0,-1.0,-1.0,-1.0,-1.0,0.0,0.0
88,I637,0,20260820,-1.0,-1.0,-1.0,-1.0,0.334511,-1.0,-1.0,-1.0,-1.0,-1.0,-1.0,-1.0,-1.0,-1.0,0.0,1.0
88,I581,0,20260820,-1.0,-1.0,-1.0,-1.0,0.131739,-1.0,-1.0,-1.0,-1.0,-1.0,-1.0,-1.0,-1.0,-1.0,0.0,1.0
88,I384,0,20260820,0.205045,0.894357,46.0,0.324027,0.194213,0.854669,43.182669,0.093466,9.0,5.0,3.0,7.0,0.424928,0.064314,0.0,0.0
89,I039,0,20260820,-1.0,-1.0,-1.0,-1.0,0.49365,-1.0,-1.0,-1.0,-1.0,-1.0,-1.0,-1.0,-1.0,-1.0,1.0,0.0
89,I387,0,20260820,-1.0,-1.0,-1.0,-1.0,0.337372,-1.0,-1.0,-1.0,-1.0,-1.0,-1.0,-1.0,-1.0,-1.0,0.0,0.0
89,I513,0,20260820,-1.0,-1.0,-1.0,-1.0,0.788374,-1.0,-1.0,-1.0,-1.0,-1.0,-1.0,-1.0,-1.0,-1.0,0.0,0.0
89,I334,1,20260820,0.567989,0.350917,22.0,0.469994,0.200259,0.715513,29.11048,0.426856,1.0,1.0,3.0,6.0,0.474625,0.071061,1.0,0.0
89,I305,0,20260820,0.400355,0.695676,66.0,0.841426,0.069408,0.759496,43.01201,0.23609,6.0,6.0,4.0,2.0,0.441,0.076057,0.0,1.0
89,I354,0,20260820,-1.0,-1.0,-1.0,-1.0,0.265435,-1.0,-1.0,-1.0,-1.0,-1.0,-1.0,-1.0,-1.0,-1.0,0.0,0.0
89,I481,0,20260820,-1.0,-1.0,-1.0,-1.0,0.66067,-1.0,-1.0,-1.0,-1.0,-1.0,-1.0,-1.0,-1.0,-1.0,0.0,0.0
90,I672,0,20260820,0.344476,0.690635,41.0,0.749864,0.59507,0.664948,245.864517,0.15185,1.0,1.0,3.0,4.0,0.414003,0.080051,0.0,0.0
90,I300,0,20260820,0.298633,0.458603,53.0,0.460951,0.157063,0.864026,12.065376,0.175981,8.0,1.0,2.0,7.0,0.44451,0.076188,0.0,0.0
90,I229,0,20260820,0.851417,0.698593,58.0,0.541106,0.431839,0.74907,27.471758,0.076798,1.0,1.0,2.0,6.0,0.510733,0.065628,0.0,1.0
90,I633,0,20260820,0.393303,0.356975,54.0,0.706644,0.777325,0.878475,180.880346,0.110759,3.0,1.0,3.0,6.0,0.442655,0.06954,0.0,0.0
90,I265,1,20260820,-1.0,-1.0,-1.0,-1.0,0.131504,-1.0,-1.0,-1.0,-1.0,-1.0,-1.0,-1.0,-1.0,-1.0,1.0,1.0
90,I198,0,20260820,-1.0,-1.0,-1.0,-1.0,0.431746,-1.0,-1.0,-1.0,-1.0,-1.0,-1.0,-1.0,-1.0,-1.0,0.0,0.0
90,I652,0,20260820,-1.0,-1.0,-1.0,-1.0,0.42975,-1.0,-1.0,-1.0,-1.0,-1.0,-1.0,-1.0,-1.0,-1.0,0.0,0.0
91,I313,0,20260820,-1.0,-1.0,-1.0,-1.0,0.27204,-1.0,-1.0,-1.0,-1.0,-1.0,-1.0,-1.0,-1.0,-1.0,0.0,0.0
91,I015,0,20260820,-1.0,-1.0,-1.0,-1.0,0.118847,-1.0,-1.0,-1.0,-1.0,-1.0,-1.0,-1.0,-1.0,-1.0,1.0,0.0
91,I684,0,20260820,-1.0,-1.0,-1.0,-1.0,0.386126,-1.0,-1.0,-1.0,-1.0,-1.0,-1.0,-1.0,-1.0,-1.0,1.0,0.0
91,I697,0,20260820,-1.0,-1.0,-1.0,-1.0,0.695207,-1.0,-1.0,-1.0,-1.0,-1.0,-1.0,-1.0,-1.0,-1.0,0.0,0.0
91,I522,0,20260820,0.222901,0.676451,20.0,0.450163,0.229444,0.548804,93.959672,0.153658,7.0,3.0,5.0,1.0,0.427748,0.069378,0.0,0.0
91,I006,0,20260820,0.507172,0.562058,52.0,0.329877,0.267518,0.787854,30.238196,0.01783,8.0,3.0,4.0,1.0,0.473001,0.077199,1.0,0.0
91,I439,1,20260820,-1.0,-1.0,-1.0,-1.0,0.466681,-1.0,-1.0,-1.0,-1.0,-1.0,-1.0,-1.0,-1.0,-1.0,1.0,0.0
92,I501,0,20260820,-1.0,-1.0,-1.0,-1.0,0.437604,-1.0,-1.0,-1.0,-1.0,-1.0,-1.0,-1.0,-1.0,-1.0,1.0,0.0
92,I676,0,20260820,-1.0,-1.0,-1.0,-1.0,0.271785,-1.0,-1.0,-1.0,-1.0,-1.0,-1.0,-1.0,-1.0,-1.0,0.0,0.0
92,I307,0,20260820,-1.0,-1.0,-1.0,-1.0,0.344524,-1.0,-1.0,-1.0,-1.0,-1.0,-1.0,-1.0,-1.0,-1.0,0.0,0.0
92,I678,4,20260820,0.25533,0.617954,31.0,0.323382,0.634196,0.868034,60.034331,0.166086,5.0,3.0,1.0,4.0,0.415345,0.072401,0.0,0.0
92,I615,0,20260820,-1.0,-1.0,-1.0,-1.0,0.277427,-1.0,-1.0,-1.0,-1.0,-1.0,-1.0,-1.0,-1.0,-1.0,1.0,0.0
92,I576,0,20260820,-1.0,-1.0,-1.0,-1.0,0.295733,-1.0,-1.0,-1.0,-1.0,-1.0,-1.0,-1.0,-1.0,-1.0,0.0,0.0
92,I540,,20260820,-1.0,-1.0,-1.0,-1.0,0.315476,-1.0,-1.0,-1.0,-1.0,-1.0,-1.0,-1.0,-1.0,-1.0,1.0,0.0
93,I686,0,20260820,0.684116,0.443476,61.0,0.694087,0.419795,0.500576,110.573314,0.253475,2.0,2.0,4.0,1.0,0.488328,0.068497,0.0,0.0
93,I134,0,20260820,-1.0,-1.0,-1.0,-1.0,0.105654,-1.0,-1.0,-1.0,-1.0,-1.0,-1.0,-1.0,-1.0,-1.0,1.0,0.0
93,I598,0,20260820,0.316742,0.621478,11.0,0.480961,0.273759,0.786574,46.084311,0.225698,2.0,2.0,2.0,7.0,0.427507,0.070629,0.0,0.0
93,I308,0,20260820,0.15765,0.149939,45.0,0.653511,0.31954,0.850117,70.300919,0.381788,8.0,7.0,3.0,7.0,0.387263,0.067478,1.0,0.0
93,I678,0,20260820,0.25533,0.617954,31.0,0.323382,0.492183,0.868034,60.034331,0.166086,5.0,3.0,1.0,4.0,0.415345,0.072401,1.0,0.0
93,I226,10,20260820,-1.0,-1.0,-1.0,-1.0,0.80917,-1.0,-1.0,-1.0,-1.0,-1.0,-1.0,-1.0,-1.0,-1.0,0.0,0.0
93,I636,0,20260820,-1.0,-1.0,-1.0,-1.0,0.270918,-1.0,-1.0,-1.0,-1.0,-1.0,-1.0,-1.0,-1.0,-1.0,0.0,0.0
94,I111,0,20260820,-1.0,-1.0,-1.0,-1.0,0.10968,-1.0,-1.0,-1.0,-1.0,-1.0,-1.0,-1.0,-1.0,-1.0,0.0,0.0
94,I140,0,20260820,0.647263,0.089969,14.0,0.71937,0.142937,0.776325,7.953351,0.159945,4.0,2.0,1.0,3.0,0.493975,0.072709,0.0,0.0
94,I584,0,20260820,0.212034,0.683625,54.0,0.348002,0.086294,0.821534,87.659875,0.088412,4.0,3.0,5.0,8.0,0.394669,0.075011,0.0,0.0
94,I172,4,20260820,-1.0,-1.0,-1.0,-1.0,0.516057,-1.0,-1.0,-1.0,-1.0,-1.0,-1.0,-1.0,-1.0,-1.0,0.0,0.0
94,I084,0,20260820,0.742905,0.730397,25.0,0.210093,0.137318,0.79154,5.707091,0.504733,1.0,1.0,4.0,7.0,0.504861,0.077107,1.0,0.0
94,I161,0,20260820,0.838484,0.617085,66.0,0.477376,0.475809,0.968034,10.374913,0.073288,4.0,3.0,4.0,8.0,0.492128,0.083844,0.0,0.0
94,I592,0,20260820,-1.0,-1.0,-1.0,-1.0,0.628929,-1.0,-1.0,-1.0,-1.0,-1.0,-1.0,-1.0,-1.0,-1.0,1.0,0.0
95,I095,0,20260820,-1.0,-1.0,-1.0,-1.0,0.73411,-1.0,-1.0,-1.0,-1.0,-1.0,-1.0,-1.0,-1.0,-1.0,0.0,0.0
95,I239,1,20260820,-1.0,-1.0,-1.0,-1.0,0.896945,-1.0,-1.0,-1.0,-1.0,-1.0,-1.0,-1.0,-1.0,-1.0,1.0,0.0
95,I479,0,20260820,-1.0,-1.0,-1.0,-1.0,0.18033,-1.0,-1.0,-1.0,-1.0,-1.0,-1.0,-1.0,-1.0,-1.0,0.0,0.0
95,I555,0,20260820,0.691295,0.913725,17.0,0.739292,0.212673,0.861488,24.871148,0.448424,6.0,5.0,2.0,3.0,0.473774,0.074236,0.0,0.0
95,I081,0,20260820,-1.0,-1.0,-1.0,-1.0,0.255091,-1.0,-1.0,-1.0,-1.0,-1.0,-1.0,-1.0,-1.0,-1.0,0.0,0.0
95,I146,0,20260820,-1.0,-1.0,-1.0,-1.0,0.228578,-1.0,-1.0,-1.0,-1.0,-1.0,-1.0,-1.0,-1.0,-1.0,0.0,0.0
95,I459,0,20260820,-1.0,-1.0,-1.0,-1.0,0.323026,-1.0,-1.0,-1.0,-1.0,-1.0,-1.0,-1.0,-1.0,-1.0,0.0,0.0
96,I625,0,20260820,0.192496,0.649257,58.0,0.58281,0.637935,0.864429,66.276438,0.247318,10.0,3.0,4.0,5.0,0.411527,0.070868,0.0,0.0
96,I176,0,20260820,0.474353,0.747473,13.0,0.432444,0.119003,0.767308,60.366483,0.257315,9.0,5.0,3.0,2.0,0.464497,0.069856,0.0,0.0
96,I536,0,20260820,0.235425,0.576409,16.0,0.369413,0.88219,0.694368,79.525234,0.522684,1.0,1.0,5.0,4.0,0.397853,0.077581,0.0,0.0
96,I070,0,20260820,-1.0,-1.0,-1.0,-1.0,0.765833,-1.0,-1.0,-1.0,-1.0,-1.0,-1.0,-1.0,-1.0,-1.0,0.0,0.0
96,I612,0,20260820,0.759645,0.568331,57.0,0.689304,0.137778,0.972391,51.347051,0.227353,9.0,6.0,5.0,1.0,0.474533,0.076521,1.0,0.0
96,I353,0,20260820,0.3315,0.155538,78.0,0.553314,0.498186,0.935257,134.492393,0.212147,2.0,2.0,1.0,4.0,0.411089,0.079323,1.0,0.0
96,I222,10,20260820,-1.0,-1.0,-1.0,-1.0,0.432308,-1.0,-1.0,-1.0,-1.0,-1.0,-1.0,-1.0,-1.0,-1.0,1.0,0.0
97,I360,0,20260820,0.733898,0.117561,12.0,0.526874,0.516924,0.73043,25.272352,0.030978,5.0,5.0,1.0,1.0,0.505773,0.066775,0.0,0.0
97,I357,0,20260820,-1.0,-1.0,-1.0,-1.0,0.488473,-1.0,-1.0,-1.0,-1.0,-1.0,-1.0,-1.0,-1.0,-1.0,1.0,0.0
97,I561,0,20260820,0.24448,0.167817,52.0,0.188007,0.292638,0.952742,41.663995,0.175372,10.0,4.0,5.0,3.0,0.398338,0.072275,0.0,1.0
97,I470,0,20260820,-1.0,-1.0,-1.0,-1.0,0.045913,-1.0,-1.0,-1.0,-1.0,-1.0,-1.0,-1.0,-1.0,-1.0,1.0,0.0
97,I351,0,20260820,0.364212,0.604549,19.0,0.662908,0.40642,0.950133,83.926698,0.31267,8.0,4.0,4.0,2.0,0.435376,0.07933,1.0,0.0
97,I117,0,20260820,-1.0,-1.0,-1.0,-1.0,0.84538,-1.0,-1.0,-1.0,-1.0,-1.0,-1.0,-1.0,-1.0,-1.0,0.0,0.0
97,I571,1,20260820,0.674333,0.519946,30.0,0.485536,0.691196,0.698272,3.122479,0.308185,2.0,2.0,3.0,2.0,0.464067,0.080647,0.0,0.0
98,I374,0,20260820,-1.0,-1.0,-1.0,-1.0,0.262178,-1.0,-1.0,-1.0,-1.0,-1.0,-1.0,-1.0,-1.0,-1.0,0.0,0.0
98,I055,1,20260820,-1.0,-1.0,-1.0,-1.0,0.293936,-1.0,-1.0,-1.0,-1.0,-1.0,-1.0,-1.0,-1.0,-1.0,1.0,0.0
98,I697,0,20260820,-1.0,-1.0,-1.0,-1.0,0.315397,-1.0,-1.0,-1.0,-1.0,-1.0,-1.0,-1.0,-1.0,-1.0,1.0,0.0
98,I505,0,20260820,0.62187,0.341734,43.0,0.898604,0.407939,0.805981,84.537792,0.397356,6.0,4.0,5.0,1.0,0.468095,0.075339,0.0,0.0
98,I271,0,20260820,-1.0,-1.0,-1.0,-1.0,0.461548,-1.0,-1.0,-1.0,-1.0,-1.0,-1.0,-1.0,-1.0,-1.0,0.0,0.0
98,I480,0,20260820,-1.0,-1.0,-1.0,-1.0,0.76071,-1.0,-1.0,-1.0,-1.0,-1.0,-1.0,-1.0,-1.0,-1.0,0.0,0.0
98,I415,0,20260820,-1.0,-1.0,-1.0,-1.0,0.589402,-1.0,-1.0,-1.0,-1.0,-1.0,-1.0,-1.0,-1.0,-1.0,0.0,0.0
99,I002,1,20260821,0.550313,0.605671,13.0,0.423893,0.761426,0.886437,16.718932,0.538902,4.0,2.0,4.0,7.0,0.460931,0.074039,1.0,0.0
99,I392,0,20260821,-1.0,-1.0,-1.0,-1.0,0.424343,-1.0,-1.0,-1.0,-1.0,-1.0,-1.0,-1.0,-1.0,-1.0,1.0,0.0
99,I320,0,20260821,0.724451,0.477908,61.0,0.816118,0.140787,0.667878,31.546968,0.081428,11.0,7.0,5.0,2.0,0.471563,0.082305,0.0,0.0
99,I562,0,20260821,-1.0,-1.0,-1.0,-1.0,0.204636,-1.0,-1.0,-1.0,-1.0,-1.0,-1.0,-1.0,-1.0,-1.0,0.0,0.0
99,I646,0,20260821,-1.0,-1.0,-1.0,-1.0,0.316966,-1.0,-1.0,-1.0,-1.0,-1.0,-1.0,-1.0,-1.0,-1.0,1.0,0.0
99,I212,0,20260821,-1.0,-1.0,-1.0,-1.0,0.279524,-1.0,-1.0,-1.0,-1.0,-1.0,-1.0,-1.0,-1.0,-1.0,0.0,0.0
99,I480,0,20260821,-1.0,-1.0,-1.0,-1.0,0.482302,-1.0,-1.0,-1.0,-1.0,-1.0,-1.0,-1.0,-1.0,-1.0,0.0,0.0
100,I262,1,20260821,-1.0,-1.0,-1.0,-1.0,0.530641,-1.0,-1.0,-1.0,-1.0,-1.0,-1.0,-1.0,-1.0,-1.0,1.0,0.0
100,I163,0,20260821,-1.0,-1.0,-1.0,-1.0,0.578823,-1.0,-1.0,-1.0,-1.0,-1.0,-1.0,-1.0,-1.0,-1.0,0.0,0.0
100,I156,0,20260821,-1.0,-1.0,-1.0,-1.0,0.24718,-1.0,-1.0,-1.0,-1.0,-1.0,-1.0,-1.0,-1.0,-1.0,0.0,0.0
100,I519,0,20260821,0.413558,0.488426,33.0,0.603482,0.175695,0.947564,114.72311,0.136177,4.0,4.0,4.0,8.0,0.450362,0.06666,0.0,1.0
100,I387,0,20260821,-1.0,-1.0,-1.0,-1.0,0.194543,-1.0,-1.0,-1.0,-1.0,-1.0,-1.0,-1.0,-1.0,-1.0,1.0,0.0
100,I232,0,20260821,0.145623,0.746535,35.0,0.638089,0.253719,0.905025,33.10619,0.517335,4.0,4.0,5.0,7.0,0.418279,0.08091,0.0,0.0
100,I537,0,20260821,-1.0,-1.0,-1.0,-1.0,0.65561,-1.0,-1.0,-1.0,-1.0,-1.0,-1.0,-1.0,-1.0,-1.0,0.0,0.0
101,I384,0,20260821,0.205045,0.894357,46.0,0.324027,0.505942,0.854669,43.182669,0.093466,9.0,5.0,3.0,7.0,0.424928,0.064314,1.0,1.0
101,I362,0,20260821,0.38651,0.280905,71.0,0.742742,0.669629,0.830304,57.556819,0.170777,6.0,2.0,2.0,1.0,0.424204,0.072202,1.0,0.0
101,I566,0,20260821,-1.0,-1.0,-1.0,-1.0,0.661932,-1.0,-1.0,-1.0,-1.0,-1.0,-1.0,-1.0,-1.0,-1.0,0.0,0.0
101,I643,1,20260821,-1.0,-1.0,-1.0,-1.0,0.604121,-1.0,-1.0,-1.0,-1.0,-1.0,-1.0,-1.0,-1.0,-1.0,1.0,1.0
101,I628,0,20260821,-1.0,-1.0,-1.0,-1.0,0.61126,-1.0,-1.0,-1.0,-1.0,-1.0,-1.0,-1.0,-1.0,-1.0,0.0,0.0
101,I464,0,20260821,0.265748,0.732361,10.0,0.711422,0.332073,0.986266,190.661192,0.333723,3.0,3.0,4.0,5.0,0.408283,0.067545,0.0,0.0
101,I330,0,20260821,0.723222,0.485228,58.0,0.310971,0.089765,0.924166,35.950934,0.193713,8.0,7.0,2.0,3.0,0.499403,0.08002,0.0,0.0
102,I079,0,20260821,-1.0,-1.0,-1.0,-1.0,0.385509,-1.0,-1.0,-1.0,-1.0,-1.0,-1.0,-1.0,-1.0,-1.0,0.0,0.0
102,I042,0,20260821,-1.0,-1.0,-1.0,-1.0,0.622108,-1.0,-1.0,-1.0,-1.0,-1.0,-1.0,-1.0,-1.0,-1.0,1.0,0.0
102,I441,0,20260821,-1.0,-1.0,-1.0,-1.0,0.52565,-1.0,-1.0,-1.0,-1.0,-1.0,-1.0,-1.0,-1.0,-1.0,1.0,0.0
102,I287,10,20260821,-1.0,-1.0,-1.0,-1.0,0.476512,-1.0,-1.0,-1.0,-1.0,-1.0,-1.0,-1.0,-1.0,-1.0,1.0,0.0
102,I584,0,20260821,0.212034,0.683625,54.0,0.348002,0.255216,0.821534,87.659875,0.088412,4.0,3.0,5.0,8.0,0.394669,0.075011,0.0,0.0
102,I696,0,20260821,0.558116,0.864112,25.0,0.438431,0.763575,0.719899,37.051433,0.415977,6.0,6.0,4.0,3.0,0.481308,0.075367,0.0,0.0
102,I136,0,20260821,-1.0,-1.0,-1.0,-1.0,0.574192,-1.0,-1.0,-1.0,-1.0,-1.0,-1.0,-1.0,-1.0,-1.0,1.0,0.0
103,I252,0,20260821,-1.0,-1.0,-1.0,-1.0,0.313152,-1.0,-1.0,-1.0,-1.0,-1.0,-1.0,-1.0,-1.0,-1.0,0.0,0.0
103,I541,0,20260821,-1.0,-1.0,-1.0,-1.0,0.540875,-1.0,-1.0,-1.0,-1.0,-1.0,-1.0,-1.0,-1.0,-1.0,1.0,0.0
103,I071,0,20260821,-1.0,-1.0,-1.0,-1.0,0.10685,-1.0,-1.0,-1.0,-1.0,-1.0,-1.0,-1.0,-1.0,-1.0,1.0,0.0
103,I413,0,20260821,-1.0,-1.0,-1.0,-1.0,0.784534,-1.0,-1.0,-1.0,-1.0,-1.0,-1.0,-1.0,-1.0,-1.0,0.0,0.0
103,I000,1,20260821,-1.0,-1.0,-1.0,-1.0,0.784842,-1.0,-1.0,-1.0,-1.0,-1.0,-1.0,-1.0,-1.0,-1.0,0.0,0.0
103,I598,0,20260821,0.316742,0.621478,11.0,0.480961,0.262563,0.786574,46.084311,0.225698,2.0,2.0,2.0,7.0,0.427507,0.070629,0.0,0.0
103,I231,0,20260821,-1.0,-1.0,-1.0,-1.0,0.851032,-1.0,-1.0,-1.0,-1.0,-1.0,-1.0,-1.0,-1.0,-1.0,0.0,0.0
104,I109,0,20260821,-1.0,-1.0,-1.0,-1.0,0.504618,-1.0,-1.0,-1.0,-1.0,-1.0,-1.0,-1.0,-1.0,-1.0,0.0,0.0
104,I248,0,20260821,-1.0,-1.0,-1.0,-1.0,0.619211,-1.0,-1.0,-1.0,-1.0,-1.0,-1.0,-1.0,-1.0,-1.0,0.0,0.0
104,I553,0,20260821,-1.0,-1.0,-1.0,-1.0,0.451075,-1.0,-1.0,-1.0,-1.0,-1.0,-1.0,-1.0,-1.0,-1.0,1.0,0.0
104,I128,0,20260821,-1.0,-1.0,-1.0,-1.0,0.698186,-1.0,-1.0,-1.0,-1.0,-1.0,-1.0,-1.0,-1.0,-1.0,1.0,0.0
104,I022,0,20260821,0.731409,0.755139,76.0,0.595477,0.479799,0.853381,234.492341,0.370277,6.0,5.0,2.0,2.0,0.4727,0.064758,1.0,0.0
104,I277,0,20260821,-1.0,-1.0,-1.0,-1.0,0.319698,-1.0,-1.0,-1.0,-1.0,-1.0,-1.0,-1.0,-1.0,-1.0,1.0,0.0
104,I650,3,20260821,-1.0,-1.0,-1.0,-1.0,0.611643,-1.0,-1.0,-1.0,-1.0,-1.0,-1.0,-1.0,-1.0,-1.0,1.0,0.0
105,I208,0,20260821,-1.0,-1.0,-1.0,-1.0,0.621132,-1.0,-1.0,-1.0,-1.0,-1.0,-1.0,-1.0,-1.0,-1.0,0.0,0.0
105,I362,0,20260821,0.38651,0.280905,71.0,0.742742,0.301088,0.830304,57.556819,0.170777,6.0,2.0,2.0,1.0,0.424204,0.072202,1.0,0.0
105,I655,0,20260821,-1.0,-1.0,-1.0,-1.0,0.301434,-1.0,-1.0,-1.0,-1.0,-1.0,-1.0,-1.0,-1.0,-1.0,1.0,0.0
105,I117,0,20260821,-1.0,-1.0,-1.0,-1.0,0.590027,-1.0,-1.0,-1.0,-1.0,-1.0,-1.0,-1.0,-1.0,-1.0,1.0,0.0
105,I003,0,20260821,0.387831,0.074831,21.0,0.608826,0.802786,0.83777,20.722393,0.301356,7.0,1.0,4.0,3.0,0.419546,0.07009,1.0,0.0
105,I290,4,20260821,0.252964,0.282709,38.0,0.759357,0.751491,0.927421,74.019209,0.378794,4.0,4.0,4.0,4.0,0.410071,0.071092,1.0,0.0
105,I055,0,20260821,-1.0,-1.0,-1.0,-1.0,0.627886,-1.0,-1.0,-1.0,-1.0,-1.0,-1.0,-1.0,-1.0,-1.0,1.0,1.0
106,I491,0,20260821,0.563231,0.31198,68.0,0.307161,0.417283,0.882655,69.640445,0.190339,5.0,5.0,5.0,6.0,0.460024,0.079732,0.0,0.0
106,I242,3,20260821,0.641629,0.481532,19.0,0.592632,0.565167,0.590586,49.999068,0.006428,7.0,1.0,2.0,6.0,0.486633,0.075909,1.0,0.0
106,I033,,20260821,-1.0,-1.0,-1.0,-1.0,0.340697,-1.0,-1.0,-1.0,-1.0,-1.0,-1.0,-1.0,-1.0,-1.0,0.0,0.0
106,I126,0,20260821,-1.0,-1.0,-1.0,-1.0,0.33588,-1.0,-1.0,-1.0,-1.0,-1.0,-1.0,-1.0,-1.0,-1.0,0.0,0.0
106,I629,,20260821,-1.0,-1.0,-1.0,-1.0,0.262031,-1.0,-1.0,-1.0,-1.0,-1.0,-1.0,-1.0,-1.0,-1.0,0.0,0.0
106,I124,0,20260821,-1.0,-1.0,-1.0,-1.0,0.354535,-1.0,-1.0,-1.0,-1.0,-1.0,-1.0,-1.0,-1.0,-1.0,1.0,0.0
106,I166,0,20260821,0.143517,0.63042,57.0,0.682321,0.352354,0.516566,35.410955,0.027044,4.0,4.0,2.0,8.0,0.399086,0.07621,1.0,0.0
107,I459,0,20260821,-1.0,-1.0,-1.0,-1.0,0.501018,-1.0,-1.0,-1.0,-1.0,-1.0,-1.0,-1.0,-1.0,-1.0,1.0,0.0
107,I607,0,20260821,0.406503,0.65537,56.0,0.59123,0.68775,0.894491,28.824401,0.09047,5.0,4.0,4.0,2.0,0.423965,0.07071,0.0,1.0
107,I361,0,20260821,-1.0,-1.0,-1.0,-1.0,0.145702,-1.0,-1.0,-1.0,-1.0,-1.0,-1.0,-1.0,-1.0,-1.0,0.0,0.0
107,I455,0,20260821,-1.0,-1.0,-1.0,-1.0,0.789261,-1.0,-1.0,-1.0,-1.0,-1.0,-1.0,-1.0,-1.0,-1.0,0.0,0.0
107,I447,0,20260821,0.046236,0.367432,16.0,0.695621,0.373398,0.877523,34.185644,0.065884,7.0,7.0,4.0,6.0,0.374447,0.065137,0.0,0.0
107,I016,1,20260821,-1.0,-1.0,-1.0,-1.0,0.535917,-1.0,-1.0,-1.0,-1.0,-1.0,-1.0,-1.0,-1.0,-1.0,0.0,0.0
107,I277,0,20260821,-1.0,-1.0,-1.0,-1.0,0.235787,-1.0,-1.0,-1.0,-1.0,-1.0,-1.0,-1.0,-1.0,-1.0,1.0,0.0
108,I038,0,20260821,-1.0,-1.0,-1.0,-1.0,0.520215,-1.0,-1.0,-1.0,-1.0,-1.0,-1.0,-1.0,-1.0,-1.0,1.0,0.0
108,I472,0,20260821,-1.0,-1.0,-1.0,-1.0,0.773647,-1.0,-1.0,-1.0,-1.0,-1.0,-1.0,-1.0,-1.0,-1.0,0.0,0.0
108,I640,0,20260821,0.709282,0.755188,18.0,0.151271,0.556328,0.842426,159.7396,0.005958,9.0,2.0,3.0,7.0,0.498332,0.075825,0.0,0.0
108,I175,0,20260821,0.526273,0.206979,32.0,0.751864,0.490958,0.857678,34.263101,0.144351,3.0,3.0,4.0,5.0,0.443074,0.073264,0.0,1.0
108,I314,,20260821,0.272139,0.268041,34.0,0.814246,0.321963,0.841115,85.480573,0.182736,2.0,2.0,5.0,4.0,0.414404,0.07151,0.0,0.0
108,I531,0,20260821,0.260055,0.134449,54.0,0.359347,0.208635,0.745244,59.700342,0.045556,7.0,7.0,4.0,3.0,0.405881,0.069847,0.0,0.0
108,I585,1,20260821,0.488519,0.668312,59.0,0.301121,0.815991,0.631899,96.527984,0.057333,6.0,4.0,1.0,1.0,0.458909,0.072884,0.0,0.0
109,I107,,20260821,0.433604,0.465748,55.0,0.704299,0.522094,0.779469,149.156812,0.778713,1.0,1.0,2.0,7.0,0.437949,0.080957,0.0,0.0
109,I472,0,20260821,-1.0,-1.0,-1.0,-1.0,0.220605,-1.0,-1.0,-1.0,-1.0,-1.0,-1.0,-1.0,-1.0,-1.0,0.0,0.0
109,I678,0,20260821,0.25533,0.617954,31.0,0.323382,0.722203,0.868034,60.034331,0.166086,5.0,3.0,1.0,4.0,0.415345,0.072401,0.0,0.0
109,I527,0,20260821,-1.0,-1.0,-1.0,-1.0,0.576499,-1.0,-1.0,-1.0,-1.0,-1.0,-1.0,-1.0,-1.0,-1.0,1.0,0.0
109,I115,0,20260821,0.154669,0.675131,38.0,0.150446,0.914119,0.557762,132.018287,0.218573,5.0,1.0,1.0,8.0,0.419424,0.065978,0.0,0.0
109,I400,1,20260821,0.537709,0.178555,30.0,0.760158,0.784558,0.81781,21.863733,0.196629,6.0,4.0,5.0,7.0,0.445348,0.070972,1.0,0.0
109,I488,0,20260821,-1.0,-1.0,-1.0,-1.0,0.547096,-1.0,-1.0,-1.0,-1.0,-1.0,-1.0,-1.0,-1.0,-1.0,1.0,1.0
110,I365,0,20260821,0.342454,0.444873,31.0,0.482767,0.186394,0.832457,22.072748,0.287364,9.0,1.0,2.0,1.0,0.435986,0.06627,1.0,0.0
110,I037,0,20260821,0.326168,0.549988,23.0,0.422814,0.32799,0.968253,100.575159,0.092828,11.0,7.0,3.0,2.0,0.429336,0.078198,0.0,0.0
110,I665,0,20260821,-1.0,-1.0,-1.0,-1.0,0.446726,-1.0,-1.0,-1.0,-1.0,-1.0,-1.0,-1.0,-1.0,-1.0,0.0,0.0
110,I432,0,20260821,-1.0,-1.0,-1.0,-1.0,0.420776,-1.0,-1.0,-1.0,-1.0,-1.0,-1.0,-1.0,-1.0,-1.0,1.0,0.0
110,I024,0,20260821,-1.0,-1.0,-1.0,-1.0,0.959699,-1.0,-1.0,-1.0,-1.0,-1.0,-1.0,-1.0,-1.0,-1.0,1.0,0.0
110,I289,1,20260821,-1.0,-1.0,-1.0,-1.0,0.740387,-1.0,-1.0,-1.0,-1.0,-1.0,-1.0,-1.0,-1.0,-1.0,1.0,0.0
110,I071,0,20260821,-1.0,-1.0,-1.0,-1.0,0.549267,-1.0,-1.0,-1.0,-1.0,-1.0,-1.0,-1.0,-1.0,-1.0,1.0,0.0
111,I609,0,20260821,-1.0,-1.0,-1.0,-1.0,0.032915,-1.0,-1.0,-1.0,-1.0,-1.0,-1.0,-1.0,-1.0,-1.0,0.0,0.0
111,I162,0,20260821,0.550445,0.406434,21.0,0.886446,0.647319,0.723178,189.387759,0.004804,5.0,2.0,1.0,3.0,0.444599,0.082606,1.0,0.0
111,I285,1,20260821,-1.0,-1.0,-1.0,-1.0,0.63562,-1.0,-1.0,-1.0,-1.0,-1.0,-1.0,-1.0,-1.0,-1.0,1.0,0.0
111,I097,0,20260821,-1.0,-1.0,-1.0,-1.0,0.695299,-1.0,-1.0,-1.0,-1.0,-1.0,-1.0,-1.0,-1.0,-1.0,0.0,0.0
111,I111,0,20260821,-1.0,-1.0,-1.0,-1.0,0.428732,-1.0,-1.0,-1.0,-1.0,-1.0,-1.0,-1.0,-1.0,-1.0,1.0,0.0
111,I034,0,20260821,0.816119,0.084784,64.0,0.477637,0.224558,0.86032,26.949748,0.325351,1.0,1.0,5.0,1.0,0.510671,0.076676,1.0,0.0
111,I664,0,20260821,-1.0,-1.0,-1.0,-1.0,0.581063,-1.0,-1.0,-1.0,-1.0,-1.0,-1.0,-1.0,-1.0,-1.0,0.0,0.0
112,I694,0,20260821,0.584937,0.608426,8.0,0.910807,0.130743,0.872293,22.45564,0.073667,3.0,3.0,1.0,8.0,0.451354,0.076564,1.0,0.0
112,I300,0,20260821,0.298633,0.458603,53.0,0.460951,0.632624,0.864026,12.065376,0.175981,8.0,1.0,2.0,7.0,0.44451,0.076188,0.0,0.0
112,I619,0,20260821,-1.0,-1.0,-1.0,-1.0,0.097108,-1.0,-1.0,-1.0,-1.0,-1.0,-1.0,-1.0,-1.0,-1.0,0.0,0.0
112,I453,3,20260821,0.776637,0.345441,39.0,0.521478,0.68121,0.946652,77.097953,0.61124,3.0,2.0,1.0,1.0,0.486354,0.077253,0.0,0.0
112,I277,0,20260821,-1.0,-1.0,-1.0,-1.0,0.081276,-1.0,-1.0,-1.0,-1.0,-1.0,-1.0,-1.0,-1.0,-1.0,1.0,0.0
112,I104,0,20260821,0.46626,0.870145,61.0,0.924691,0.441305,0.962875,19.804833,0.021846,9.0,7.0,3.0,7.0,0.433219,0.082924,0.0,0.0
112,I377,0,20260821,-1.0,-1.0,-1.0,-1.0,0.733712,-1.0,-1.0,-1.0,-1.0,-1.0,-1.0,-1.0,-1.0,-1.0,1.0,0.0
113,I054,0,20260822,-1.0,-1.0,-1.0,-1.0,0.143898,-1.0,-1.0,-1.0,-1.0,-1.0,-1.0,-1.0,-1.0,-1.0,1.0,0.0
113,I229,0,20260822,0.851417,0.698593,58.0,0.541106,0.124128,0.74907,27.471758,0.076798,1.0,1.0,2.0,6.0,0.510733,0.065628,0.0,1.0
113,I305,0,20260822,0.400355,0.695676,66.0,0.841426,0.539999,0.759496,43.01201,0.23609,6.0,6.0,4.0,2.0,0.441,0.076057,0.0,0.0
113,I001,0,20260822,-1.0,-1.0,-1.0,-1.0,0.407807,-1.0,-1.0,-1.0,-1.0,-1.0,-1.0,-1.0,-1.0,-1.0,1.0,0.0
113,I639,1,20260822,-1.0,-1.0,-1.0,-1.0,0.589195,-1.0,-1.0,-1.0,-1.0,-1.0,-1.0,-1.0,-1.0,-1.0,1.0,0.0
113,I566,0,20260822,-1.0,-1.0,-1.0,-1.0,0.724487,-1.0,-1.0,-1.0,-1.0,-1.0,-1.0,-1.0,-1.0,-1.0,1.0,0.0
113,I575,0,20260822,-1.0,-1.0,-1.0,-1.0,0.644018,-1.0,-1.0,-1.0,-1.0,-1.0,-1.0,-1.0,-1.0,-1.0,1.0,0.0
114,I577,3,20260822,-1.0,-1.0,-1.0,-1.0,0.607111,-1.0,-1.0,-1.0,-1.0,-1.0,-1.0,-1.0,-1.0,-1.0,1.0,0.0
114,I240,0,20260822,-1.0,-1.0,-1.0,-1.0,0.038991,-1.0,-1.0,-1.0,-1.0,-1.0,-1.0,-1.0,-1.0,-1.0,0.0,0.0
114,I563,0,20260822,-1.0,-1.0,-1.0,-1.0,0.54806,-1.0,-1.0,-1.0,-1.0,-1.0,-1.0,-1.0,-1.0,-1.0,1.0,0.0
114,I236,0,20260822,-1.0,-1.0,-1.0,-1.0,0.3227,-1.0,-1.0,-1.0,-1.0,-1.0,-1.0,-1.0,-1.0,-1.0,1.0,0.0
114,I542,0,20260822,-1.0,-1.0,-1.0,-1.0,0.333302,-1.0,-1.0,-1.0,-1.0,-1.0,-1.0,-1.0,-1.0,-1.0,1.0,0.0
114,I002,0,20260822,0.550313,0.605671,13.0,0.423893,0.350913,0.886437,16.718932,0.538902,4.0,2.0,4.0,7.0,0.460931,0.074039,1.0,0.0
114,I024,0,20260822,-1.0,-1.0,-1.0,-1.0,0.650253,-1.0,-1.0,-1.0,-1.0,-1.0,-1.0,-1.0,-1.0,-1.0,1.0,0.0
115,I206,0,20260822,-1.0,-1.0,-1.0,-1.0,0.307439,-1.0,-1.0,-1.0,-1.0,-1.0,-1.0,-1.0,-1.0,-1.0,1.0,0.0
115,I113,0,20260822,-1.0,-1.0,-1.0,-1.0,0.701152,-1.0,-1.0,-1.0,-1.0,-1.0,-1.0,-1.0,-1.0,-1.0,0.0,0.0
115,I306,0,20260822,-1.0,-1.0,-1.0,-1.0,0.604263,-1.0,-1.0,-1.0,-1.0,-1.0,-1.0,-1.0,-1.0,-1.0,0.0,0.0
115,I334,0,20260822,0.567989,0.350917,22.0,0.469994,0.500136,0.715513,29.11048,0.426856,1.0,1.0,3.0,6.0,0.474625,0.071061,1.0,0.0
115,I104,0,20260822,0.46626,0.870145,61.0,0.924691,0.633876,0.962875,19.804833,0.021846,9.0,7.0,3.0,7.0,0.433219,0.082924,1.0,0.0
115,I058,1,20260822,-1.0,-1.0,-1.0,-1.0,0.27866,-1.0,-1.0,-1.0,-1.0,-1.0,-1.0,-1.0,-1.0,-1.0,1.0,0.0
115,I372,0,20260822,-1.0,-1.0,-1.0,-1.0,0.149188,-1.0,-1.0,-1.0,-1.0,-1.0,-1.0,-1.0,-1.0,-1.0,0.0,0.0
116,I543,0,20260822,-1.0,-1.0,-1.0,-1.0,0.204612,-1.0,-1.0,-1.0,-1.0,-1.0,-1.0,-1.0,-1.0,-1.0,0.0,0.0
116,I057,0,20260822,-1.0,-1.0,-1.0,-1.0,0.441312,-1.0,-1.0,-1.0,-1.0,-1.0,-1.0,-1.0,-1.0,-1.0,0.0,0.0
116,I650,0,20260822,-1.0,-1.0,-1.0,-1.0,0.598004,-1.0,-1.0,-1.0,-1.0,-1.0,-1.0,-1.0,-1.0,-1.0,0.0,0.0
116,I153,0,20260822,-1.0,-1.0,-1.0,-1.0,0.17967,-1.0,-1.0,-1.0,-1.0,-1.0,-1.0,-1.0,-1.0,-1.0,0.0,0.0
116,I118,0,20260822,0.808261,0.761056,64.0,0.761953,0.265513,0.903023,42.209622,0.236346,5.0,3.0,2.0,5.0,0.485751,0.07557,1.0,0.0
116,I147,0,20260822,0.22109,0.169742,46.0,0.691733,0.37641,0.929975,158.592366,0.098196,10.0,4.0,2.0,8.0,0.414595,0.072489,0.0,1.0
116,I611,1,20260822,-1.0,-1.0,-1.0,-1.0,0.486738,-1.0,-1.0,-1.0,-1.0,-1.0,-1.0,-1.0,-1.0,-1.0,1.0,0.0
117,I224,0,20260822,0.666744,0.786773,45.0,0.621562,0.513016,0.907166,37.892879,0.378656,10.0,7.0,1.0,5.0,0.462542,0.079248,1.0,0.0
117,I043,0,20260822,-1.0,-1.0,-1.0,-1.0,0.432568,-1.0,-1.0,-1.0,-1.0,-1.0,-1.0,-1.0,-1.0,-1.0,1.0,0.0
117,I328,0,20260822,-1.0,-1.0,-1.0,-1.0,0.622392,-1.0,-1.0,-1.0,-1.0,-1.0,-1.0,-1.0,-1.0,-1.0,0.0,0.0
117,I473,0,20260822,-1.0,-1.0,-1.0,-1.0,0.204504,-1.0,-1.0,-1.0,-1.0,-1.0,-1.0,-1.0,-1.0,-1.0,0.0,0.0
117,I389,1,20260822,-1.0,-1.0,-1.0,-1.0,0.325974,-1.0,-1.0,-1.0,-1.0,-1.0,-1.0,-1.0,-1.0,-1.0,1.0,0.0
117,I141,0,20260822,0.810764,0.588548,55.0,0.901785,0.226746,0.901531,99.254469,0.150761,8.0,2.0,3.0,5.0,0.493554,0.07713,0.0,0.0
117,I475,0,20260822,-1.0,-1.0,-1.0,-1.0,0.270311,-1.0,-1.0,-1.0,-1.0,-1.0,-1.0,-1.0,-1.0,-1.0,0.0,0.0
118,I573,0,20260822,-1.0,-1.0,-1.0,-1.0,0.441908,-1.0,-1.0,-1.0,-1.0,-1.0,-1.0,-1.0,-1.0,-1.0,1.0,0.0
118,I637,10,20260822,-1.0,-1.0,-1.0,-1.0,0.880838,-1.0,-1.0,-1.0,-1.0,-1.0,-1.0,-1.0,-1.0,-1.0,1.0,0.0
118,I295,0,20260822,-1.0,-1.0,-1.0,-1.0,0.233237,-1.0,-1.0,-1.0,-1.0,-1.0,-1.0,-1.0,-1.0,-1.0,1.0,0.0
118,I016,0,20260822,-1.0,-1.0,-1.0,-1.0,0.456392,-1.0,-1.0,-1.0,-1.0,-1.0,-1.0,-1.0,-1.0,-1.0,1.0,0.0
118,I429,,20260822,-1.0,-1.0,-1.0,-1.0,0.571643,-1.0,-1.0,-1.0,-1.0,-1.0,-1.0,-1.0,-1.0,-1.0,0.0,0.0
118,I144,0,20260822,-1.0,-1.0,-1.0,-1.0,0.226195,-1.0,-1.0,-1.0,-1.0,-1.0,-1.0,-1.0,-1.0,-1.0,1.0,0.0
118,I038,0,20260822,-1.0,-1.0,-1.0,-1.0,0.607827,-1.0,-1.0,-1.0,-1.0,-1.0,-1.0,-1.0,-1.0,-1.0,0.0,0.0
119,I172,3,20260822,-1.0,-1.0,-1.0,-1.0,0.550787,-1.0,-1.0,-1.0,-1.0,-1.0,-1.0,-1.0,-1.0,-1.0,1.0,0.0
119,I466,0,20260822,0.234452,0.297846,58.0,0.500064,0.430018,0.879116,97.263164,0.118312,1.0,1.0,4.0,7.0,0.403872,0.065209,1.0,0.0
119,I384,0,20260822,0.205045,0.894357,46.0,0.324027,0.517023,0.854669,43.182669,0.093466,9.0,5.0,3.0,7.0,0.424928,0.064314,1.0,0.0
119,I362,0,20260822,0.38651,0.280905,71.0,0.742742,0.444504,0.830304,57.556819,0.170777,6.0,2.0,2.0,1.0,0.424204,0.072202,0.0,1.0
119,I531,0,20260822,0.260055,0.134449,54.0,0.359347,0.725043,0.745244,59.700342,0.045556,7.0,7.0,4.0,3.0,0.405881,0.069847,1.0,0.0
119,I649,0,20260822,-1.0,-1.0,-1.0,-1.0,0.127375,-1.0,-1.0,-1.0,-1.0,-1.0,-1.0,-1.0,-1.0,-1.0,1.0,0.0
119,I048,0,20260822,-1.0,-1.0,-1.0,-1.0,0.408231,-1.0,-1.0,-1.0,-1.0,-1.0,-1.0,-1.0,-1.0,-1.0,1.0,0.0
120,I103,0,20260822,-1.0,-1.0,-1.0,-1.0,0.225258,-1.0,-1.0,-1.0,-1.0,-1.0,-1.0,-1.0,-1.0,-1.0,0.0,1.0
120,I600,0,20260822,-1.0,-1.0,-1.0,-1.0,0.268459,-1.0,-1.0,-1.0,-1.0,-1.0,-1.0,-1.0,-1.0,-1.0,0.0,1.0
120,I598,0,20260822,0.316742,0.621478,11.0,0.480961,0.034495,0.786574,46.084311,0.225698,2.0,2.0,2.0,7.0,0.427507,0.070629,1.0,0.0
120,I495,0,20260822,0.428623,0.416575,71.0,0.702235,0.338609,0.707774,83.029575,0.18811,6.0,2.0,1.0,2.0,0.457909,0.073262,1.0,0.0
120,I543,0,20260822,-1.0,-1.0,-1.0,-1.0,0.622802,-1.0,-1.0,-1.0,-1.0,-1.0,-1.0,-1.0,-1.0,-1.0,0.0,0.0
120,I502,0,20260822,-1.0,-1.0,-1.0,-1.0,0.512986,-1.0,-1.0,-1.0,-1.0,-1.0,-1.0,-1.0,-1.0,-1.0,0.0,0.0
120,I127,1,20260822,0.435163,0.780922,42.0,0.601966,0.26802,0.615717,76.287958,0.029438,10.0,7.0,1.0,5.0,0.429349,0.065192,1.0,0.0
121,I410,0,20260822,-1.0,-1.0,-1.0,-1.0,0.524988,-1.0,-1.0,-1.0,-1.0,-1.0,-1.0,-1.0,-1.0,-1.0,0.0,0.0
121,I143,0,20260822,-1.0,-1.0,-1.0,-1.0,0.716471,-1.0,-1.0,-1.0,-1.0,-1.0,-1.0,-1.0,-1.0,-1.0,0.0,0.0
121,I544,0,20260822,-1.0,-1.0,-1.0,-1.0,0.644021,-1.0,-1.0,-1.0,-1.0,-1.0,-1.0,-1.0,-1.0,-1.0,0.0,0.0
121,I456,3,20260822,-1.0,-1.0,-1.0,-1.0,0.206513,-1.0,-1.0,-1.0,-1.0,-1.0,-1.0,-1.0,-1.0,-1.0,1.0,0.0
121,I429,0,20260822,-1.0,-1.0,-1.0,-1.0,0.3706,-1.0,-1.0,-1.0,-1.0,-1.0,-1.0,-1.0,-1.0,-1.0,0.0,0.0
121,I664,0,20260822,-1.0,-1.0,-1.0,-1.0,0.451965,-1.0,-1.0,-1.0,-1.0,-1.0,-1.0,-1.0,-1.0,-1.0,0.0,0.0
121,I209,0,20260822,0.808028,0.624882,74.0,0.418077,0.692984,0.758944,37.808159,0.010864,10.0,3.0,2.0,6.0,0.492554,0.069276,0.0,0.0
122,I687,0,20260822,0.552024,0.701482,44.0,0.491781,0.684666,0.974843,109.719049,0.092705,10.0,5.0,4.0,1.0,0.461203,0.076615,0.0,0.0
122,I067,0,20260822,-1.0,-1.0,-1.0,-1.0,0.565629,-1.0,-1.0,-1.0,-1.0,-1.0,-1.0,-1.0,-1.0,-1.0,1.0,0.0
122,I231,0,20260822,-1.0,-1.0,-1.0,-1.0,0.200523,-1.0,-1.0,-1.0,-1.0,-1.0,-1.0,-1.0,-1.0,-1.0,0.0,0.0
122,I268,,20260822,-1.0,-1.0,-1.0,-1.0,0.321759,-1.0,-1.0,-1.0,-1.0,-1.0,-1.0,-1.0,-1.0,-1.0,0.0,0.0
122,I278,0,20260822,-1.0,-1.0,-1.0,-1.0,0.334891,-1.0,-1.0,-1.0,-1.0,-1.0,-1.0,-1.0,-1.0,-1.0,1.0,0.0
122,I091,3,20260822,0.231162,0.501955,23.0,0.71292,0.749086,0.814487,12.529065,0.031961,11.0,1.0,1.0,4.0,0.411574,0.067018,1.0,0.0
122,I667,0,20260822,-1.0,-1.0,-1.0,-1.0,0.324356,-1.0,-1.0,-1.0,-1.0,-1.0,-1.0,-1.0,-1.0,-1.0,0.0,0.0
123,I476,0,20260822,-1.0,-1.0,-1.0,-1.0,0.281061,-1.0,-1.0,-1.0,-1.0,-1.0,-1.0,-1.0,-1.0,-1.0,0.0,1.0
123,I134,0,20260822,-1.0,-1.0,-1.0,-1.0,0.274737,-1.0,-1.0,-1.0,-1.0,-1.0,-1.0,-1.0,-1.0,-1.0,1.0,0.0
123,I382,0,20260822,0.893519,0.785048,70.0,0.636191,0.539279,0.918409,229.457581,0.035941,9.0,1.0,4.0,2.0,0.497984,0.072253,0.0,0.0
123,I649,0,20260822,-1.0,-1.0,-1.0,-1.0,0.169786,-1.0,-1.0,-1.0,-1.0,-1.0,-1.0,-1.0,-1.0,-1.0,0.0,0.0
123,I636,0,20260822,-1.0,-1.0,-1.0,-1.0,0.318999,-1.0,-1.0,-1.0,-1.0,-1.0,-1.0,-1.0,-1.0,-1.0,1.0,0.0
123,I417,3,20260822,-1.0,-1.0,-1.0,-1.0,0.487682,-1.0,-1.0,-1.0,-1.0,-1.0,-1.0,-1.0,-1.0,-1.0,1.0,0.0
123,I385,0,20260822,0.445808,0.119986,50.0,0.81766,0.294169,0.784962,101.864025,0.102217,3.0,2.0,5.0,3.0,0.43672,0.069895,1.0,0.0
124,I055,0,20260822,-1.0,-1.0,-1.0,-1.0,0.521594,-1.0,-1.0,-1.0,-1.0,-1.0,-1.0,-1.0,-1.0,-1.0,0.0,0.0
124,I271,0,20260822,-1.0,-1.0,-1.0,-1.0,0.519741,-1.0,-1.0,-1.0,-1.0,-1.0,-1.0,-1.0,-1.0,-1.0,0.0,0.0
124,I382,0,20260822,0.893519,0.785048,70.0,0.636191,0.352711,0.918409,229.457581,0.035941,9.0,1.0,4.0,2.0,0.497984,0.072253,0.0,0.0
124,I039,0,20260822,-1.0,-1.0,-1.0,-1.0,0.209001,-1.0,-1.0,-1.0,-1.0,-1.0,-1.0,-1.0,-1.0,-1.0,1.0,0.0
124,I339,10,20260822,-1.0,-1.0,-1.0,-1.0,0.593902,-1.0,-1.0,-1.0,-1.0,-1.0,-1.0,-1.0,-1.0,-1.0,1.0,0.0
124,I445,0,20260822,-1.0,-1.0,-1.0,-1.0,0.642109,-1.0,-1.0,-1.0,-1.0,-1.0,-1.0,-1.0,-1.0,-1.0,1.0,0.0
124,I049,0,20260822,-1.0,-1.0,-1.0,-1.0,0.550419,-1.0,-1.0,-1.0,-1.0,-1.0,-1.0,-1.0,-1.0,-1.0,1.0,0.0
125,I071,0,20260822,-1.0,-1.0,-1.0,-1.0,0.277162,-1.0,-1.0,-1.0,-1.0,-1.0,-1.0,-1.0,-1.0,-1.0,0.0,0.0
125,I691,0,20260822,-1.0,-1.0,-1.0,-1.0,0.719128,-1.0,-1.0,-1.0,-1.0,-1.0,-1.0,-1.0,-1.0,-1.0,1.0,0.0
125,I095,0,20260822,-1.0,-1.0,-1.0,-1.0,0.468996,-1.0,-1.0,-1.0,-1.0,-1.0,-1.0,-1.0,-1.0,-1.0,0.0,0.0
125,I413,0,20260822,-1.0,-1.0,-1.0,-1.0,0.742282,-1.0,-1.0,-1.0,-1.0,-1.0,-1.0,-1.0,-1.0,-1.0,1.0,0.0
125,I152,0,20260822,0.218005,0.740443,14.0,0.64886,0.339712,0.893245,112.665192,0.152026,1.0,1.0,1.0,3.0,0.416941,0.081104,1.0,0.0
125,I007,0,20260822,0.756306,0.68258,36.0,0.554828,0.160725,0.986453,53.436852,0.010218,1.0,1.0,1.0,1.0,0.497434,0.070156,0.0,0.0
125,I307,1,20260822,-1.0,-1.0,-1.0,-1.0,0.551698,-1.0,-1.0,-1.0,-1.0,-1.0,-1.0,-1.0,-1.0,-1.0,1.0,0.0
126,I444,0,20260822,-1.0,-1.0,-1.0,-1.0,0.443762,-1.0,-1.0,-1.0,-1.0,-1.0,-1.0,-1.0,-1.0,-1.0,1.0,0.0
126,I138,0,20260822,-1.0,-1.0,-1.0,-1.0,0.537628,-1.0,-1.0,-1.0,-1.0,-1.0,-1.0,-1.0,-1.0,-1.0,1.0,0.0
126,I606,1,20260822,-1.0,-1.0,-1.0,-1.0,0.465255,-1.0,-1.0,-1.0,-1.0,-1.0,-1.0,-1.0,-1.0,-1.0,1.0,0.0
126,I447,0,20260822,0.046236,0.367432,16.0,0.695621,0.415124,0.877523,34.185644,0.065884,7.0,7.0,4.0,6.0,0.374447,0.065137,0.0,0.0
126,I329,0,20260822,-1.0,-1.0,-1.0,-1.0,0.576995,-1.0,-1.0,-1.0,-1.0,-1.0,-1.0,-1.0,-1.0,-1.0,0.0,0.0
126,I571,0,20260822,0.674333,0.519946,30.0,0.485536,0.186294,0.698272,3.122479,0.308185,2.0,2.0,3.0,2.0,0.464067,0.080647,0.0,0.0
126,I233,0,20260822,0.447416,0.118934,29.0,0.694833,0.394477,0.909932,8.33502,0.135723,9.0,3.0,4.0,4.0,0.461914,0.069147,0.0,0.0
127,I196,0,20260823,-1.0,-1.0,-1.0,-1.0,0.308362,-1.0,-1.0,-1.0,-1.0,-1.0,-1.0,-1.0,-1.0,-1.0,0.0,0.0
127,I208,0,20260823,-1.0,-1.0,-1.0,-1.0,0.805523,-1.0,-1.0,-1.0,-1.0,-1.0,-1.0,-1.0,-1.0,-1.0,0.0,0.0
127,I641,0,20260823,0.247189,0.699588,35.0,0.389807,0.779607,0.95803,16.894888,0.060793,10.0,4.0,4.0,8.0,0.415495,0.08158,1.0,0.0
127,I157,0,20260823,-1.0,-1.0,-1.0,-1.0,0.224948,-1.0,-1.0,-1.0,-1.0,-1.0,-1.0,-1.0,-1.0,-1.0,1.0,0.0
127,I235,0,20260823,-1.0,-1.0,-1.0,-1.0,0.188592,-1.0,-1.0,-1.0,-1.0,-1.0,-1.0,-1.0,-1.0,-1.0,0.0,0.0
127,I022,3,20260823,0.731409,0.755139,76.0,0.595477,0.246835,0.853381,234.492341,0.370277,6.0,5.0,2.0,2.0,0.4727,0.064758,1.0,1.0
127,I116,0,20260823,-1.0,-1.0,-1.0,-1.0,0.379958,-1.0,-1.0,-1.0,-1.0,-1.0,-1.0,-1.0,-1.0,-1.0,0.0,0.0
128,I678,0,20260823,0.25533,0.617954,31.0,0.323382,0.218491,0.868034,60.034331,0.166086,5.0,3.0,1.0,4.0,0.415345,0.072401,1.0,0.0
128,I564,0,20260823,-1.0,-1.0,-1.0,-1.0,0.073593,-1.0,-1.0,-1.0,-1.0,-1.0,-1.0,-1.0,-1.0,-1.0,1.0,0.0
128,I219,0,20260823,0.527419,0.142097,67.0,0.559169,0.329116,0.995736,26.668537,0.084365,3.0,3.0,1.0,4.0,0.440091,0.06841,0.0,0.0
128,I653,0,20260823,-1.0,-1.0,-1.0,-1.0,0.313896,-1.0,-1.0,-1.0,-1.0,-1.0,-1.0,-1.0,-1.0,-1.0,1.0,0.0
128,I444,0,20260823,-1.0,-1.0,-1.0,-1.0,0.397745,-1.0,-1.0,-1.0,-1.0,-1.0,-1.0,-1.0,-1.0,-1.0,0.0,0.0
128,I343,0,20260823,0.237617,0.462192,71.0,0.901025,0.551008,0.629829,47.192643,0.011285,11.0,6.0,3.0,2.0,0.435425,0.067317,1.0,0.0
128,I347,3,20260823,-1.0,-1.0,-1.0,-1.0,0.665286,-1.0,-1.0,-1.0,-1.0,-1.0,-1.0,-1.0,-1.0,-1.0,0.0,0.0
129,I336,0,20260823,0.32385,0.54156,18.0,0.495445,0.12824,0.776166,88.530625,0.000779,4.0,4.0,5.0,4.0,0.429476,0.08083,1.0,1.0
129,I022,1,20260823,0.731409,0.755139,76.0,0.595477,0.391352,0.853381,234.492341,0.370277,6.0,5.0,2.0,2.0,0.4727,0.064758,1.0,0.0
129,I633,0,20260823,0.393303,0.356975,54.0,0.706644,0.581418,0.878475,180.880346,0.110759,3.0,1.0,3.0,6.0,0.442655,0.06954,1.0,0.0
129,I107,0,20260823,0.433604,0.465748,55.0,0.704299,0.546967,0.779469,149.156812,0.778713,1.0,1.0,2.0,7.0,0.437949,0.080957,1.0,0.0
129,I459,0,20260823,-1.0,-1.0,-1.0,-1.0,0.785309,-1.0,-1.0,-1.0,-1.0,-1.0,-1.0,-1.0,-1.0,-1.0,0.0,0.0
129,I588,0,20260823,-1.0,-1.0,-1.0,-1.0,0.443844,-1.0,-1.0,-1.0,-1.0,-1.0,-1.0,-1.0,-1.0,-1.0,1.0,0.0
129,I097,0,20260823,-1.0,-1.0,-1.0,-1.0,0.651463,-1.0,-1.0,-1.0,-1.0,-1.0,-1.0,-1.0,-1.0,-1.0,1.0,0.0
130,I150,0,20260823,0.672279,0.505707,79.0,0.680459,0.277544,0.622963,38.217477,0.124367,9.0,4.0,5.0,8.0,0.472632,0.070796,0.0,0.0
130,I469,1,20260823,-1.0,-1.0,-1.0,-1.0,0.560803,-1.0,-1.0,-1.0,-1.0,-1.0,-1.0,-1.0,-1.0,-1.0,1.0,0.0
130,I425,0,20260823,-1.0,-1.0,-1.0,-1.0,0.568302,-1.0,-1.0,-1.0,-1.0,-1.0,-1.0,-1.0,-1.0,-1.0,1.0,0.0
130,I676,0,20260823,-1.0,-1.0,-1.0,-1.0,0.246446,-1.0,-1.0,-1.0,-1.0,-1.0,-1.0,-1.0,-1.0,-1.0,1.0,0.0
130,I018,0,20260823,-1.0,-1.0,-1.0,-1.0,0.399106,-1.0,-1.0,-1.0,-1.0,-1.0,-1.0,-1.0,-1.0,-1.0,0.0,0.0
130,I017,0,20260823,-1.0,-1.0,-1.0,-1.0,0.279345,-1.0,-1.0,-1.0,-1.0,-1.0,-1.0,-1.0,-1.0,-1.0,1.0,0.0
130,I181,0,20260823,-1.0,-1.0,-1.0,-1.0,0.707851,-1.0,-1.0,-1.0,-1.0,-1.0,-1.0,-1.0,-1.0,-1.0,1.0,0.0
131,I028,0,20260823,-1.0,-1.0,-1.0,-1.0,0.610666,-1.0,-1.0,-1.0,-1.0,-1.0,-1.0,-1.0,-1.0,-1.0,1.0,0.0
131,I001,0,20260823,-1.0,-1.0,-1.0,-1.0,0.414816,-1.0,-1.0,-1.0,-1.0,-1.0,-1.0,-1.0,-1.0,-1.0,0.0,0.0
131,I201,0,20260823,-1.0,-1.0,-1.0,-1.0,0.787771,-1.0,-1.0,-1.0,-1.0,-1.0,-1.0,-1.0,-1.0,-1.0,0.0,0.0
131,I218,1,20260823,0.571112,0.613421,20.0,0.526514,0.513334,0.750206,31.064895,0.125075,9.0,4.0,4.0,8.0,0.452367,0.079444,1.0,0.0
131,I289,0,20260823,-1.0,-1.0,-1.0,-1.0,0.818523,-1.0,-1.0,-1.0,-1.0,-1.0,-1.0,-1.0,-1.0,-1.0,0.0,0.0
131,I009,0,20260823,-1.0,-1.0,-1.0,-1.0,0.640401,-1.0,-1.0,-1.0,-1.0,-1.0,-1.0,-1.0,-1.0,-1.0,1.0,0.0
131,I323,0,20260823,-1.0,-1.0,-1.0,-1.0,0.281139,-1.0,-1.0,-1.0,-1.0,-1.0,-1.0,-1.0,-1.0,-1.0,1.0,0.0
132,I497,0,20260823,0.272621,0.780353,76.0,0.673934,0.784119,0.960576,79.063552,0.40928,2.0,2.0,4.0,2.0,0.407516,0.065203,1.0,0.0
132,I333,0,20260823,0.585859,0.318798,78.0,0.967977,0.523229,0.962838,21.620382,0.110867,6.0,3.0,5.0,4.0,0.473002,0.070481,0.0,0.0
132,I302,0,20260823,-1.0,-1.0,-1.0,-1.0,0.5346,-1.0,-1.0,-1.0,-1.0,-1.0,-1.0,-1.0,-1.0,-1.0,1.0,0.0
132,I222,0,20260823,-1.0,-1.0,-1.0,-1.0,0.607199,-1.0,-1.0,-1.0,-1.0,-1.0,-1.0,-1.0,-1.0,-1.0,1.0,0.0
132,I489,0,20260823,0.345839,0.838763,78.0,0.841129,0.470306,0.844939,116.251105,0.043221,5.0,5.0,2.0,6.0,0.448447,0.083375,0.0,0.0
132,I272,4,20260823,0.484264,0.452022,35.0,0.740966,0.569566,0.981118,165.076987,0.521535,3.0,3.0,5.0,3.0,0.434325,0.067511,1.0,0.0
132,I374,0,20260823,-1.0,-1.0,-1.0,-1.0,0.582198,-1.0,-1.0,-1.0,-1.0,-1.0,-1.0,-1.0,-1.0,-1.0,0.0,1.0
133,I576,0,20260823,-1.0,-1.0,-1.0,-1.0,0.635142,-1.0,-1.0,-1.0,-1.0,-1.0,-1.0,-1.0,-1.0,-1.0,1.0,0.0
133,I507,0,20260823,-1.0,-1.0,-1.0,-1.0,0.27468,-1.0,-1.0,-1.0,-1.0,-1.0,-1.0,-1.0,-1.0,-1.0,1.0,0.0
133,I327,0,20260823,0.586402,0.173751,71.0,0.697372,0.542417,0.753314,74.426382,0.388458,7.0,7.0,1.0,4.0,0.466786,0.077719,1.0,0.0
133,I487,0,20260823,0.205357,0.189739,61.0,0.755299,0.368365,0.888342,97.608037,0.013395,6.0,6.0,4.0,8.0,0.413461,0.077212,1.0,0.0
133,I097,3,20260823,-1.0,-1.0,-1.0,-1.0,0.42819,-1.0,-1.0,-1.0,-1.0,-1.0,-1.0,-1.0,-1.0,-1.0,1.0,0.0
133,I001,0,20260823,-1.0,-1.0,-1.0,-1.0,0.412916,-1.0,-1.0,-1.0,-1.0,-1.0,-1.0,-1.0,-1.0,-1.0,1.0,0.0
133,I310,0,20260823,-1.0,-1.0,-1.0,-1.0,0.240421,-1.0,-1.0,-1.0,-1.0,-1.0,-1.0,-1.0,-1.0,-1.0,1.0,0.0
134,I200,0,20260823,0.574128,0.578385,53.0,0.364337,0.511499,0.718426,80.6566,0.04711,8.0,5.0,5.0,7.0,0.462399,0.072644,0.0,0.0
134,I377,0,20260823,-1.0,-1.0,-1.0,-1.0,0.706129,-1.0,-1.0,-1.0,-1.0,-1.0,-1.0,-1.0,-1.0,-1.0,1.0,0.0
134,I514,0,20260823,-1.0,-1.0,-1.0,-1.0,0.362212,-1.0,-1.0,-1.0,-1.0,-1.0,-1.0,-1.0,-1.0,-1.0,1.0,0.0
134,I096,0,20260823,-1.0,-1.0,-1.0,-1.0,0.425921,-1.0,-1.0,-1.0,-1.0,-1.0,-1.0,-1.0,-1.0,-1.0,0.0,0.0
134,I547,,20260823,-1.0,-1.0,-1.0,-1.0,0.516386,-1.0,-1.0,-1.0,-1.0,-1.0,-1.0,-1.0,-1.0,-1.0,0.0,0.0
134,I528,0,20260823,-1.0,-1.0,-1.0,-1.0,0.301193,-1.0,-1.0,-1.0,-1.0,-1.0,-1.0,-1.0,-1.0,-1.0,1.0,0.0
134,I094,4,20260823,0.754832,0.482792,61.0,0.460265,0.192098,0.7056,126.807527,0.568917,7.0,6.0,2.0,3.0,0.489847,0.073802,1.0,0.0
135,I105,0,20260823,-1.0,-1.0,-1.0,-1.0,0.268493,-1.0,-1.0,-1.0,-1.0,-1.0,-1.0,-1.0,-1.0,-1.0,1.0,0.0
135,I009,0,20260823,-1.0,-1.0,-1.0,-1.0,0.912014,-1.0,-1.0,-1.0,-1.0,-1.0,-1.0,-1.0,-1.0,-1.0,0.0,0.0
135,I598,4,20260823,0.316742,0.621478,11.0,0.480961,0.208063,0.786574,46.084311,0.225698,2.0,2.0,2.0,7.0,0.427507,0.070629,0.0,0.0
135,I356,0,20260823,-1.0,-1.0,-1.0,-1.0,0.302153,-1.0,-1.0,-1.0,-1.0,-1.0,-1.0,-1.0,-1.0,-1.0,1.0,0.0
135,I478,0,20260823,-1.0,-1.0,-1.0,-1.0,0.588278,-1.0,-1.0,-1.0,-1.0,-1.0,-1.0,-1.0,-1.0,-1.0,1.0,0.0
135,I267,0,20260823,-1.0,-1.0,-1.0,-1.0,0.574243,-1.0,-1.0,-1.0,-1.0,-1.0,-1.0,-1.0,-1.0,-1.0,1.0,0.0
135,I286,0,20260823,-1.0,-1.0,-1.0,-1.0,0.647868,-1.0,-1.0,-1.0,-1.0,-1.0,-1.0,-1.0,-1.0,-1.0,0.0,0.0
136,I637,0,20260823,-1.0,-1.0,-1.0,-1.0,0.243311,-1.0,-1.0,-1.0,-1.0,-1.0,-1.0,-1.0,-1.0,-1.0,0.0,0.0
136,I252,0,20260823,-1.0,-1.0,-1.0,-1.0,0.388362,-1.0,-1.0,-1.0,-1.0,-1.0,-1.0,-1.0,-1.0,-1.0,0.0,1.0
136,I098,0,20260823,0.746479,0.321933,39.0,0.537951,0.284385,0.677138,77.456024,0.308004,5.0,5.0,3.0,8.0,0.505407,0.065452,1.0,1.0
136,I672,0,20260823,0.344476,0.690635,41.0,0.749864,0.472339,0.664948,245.864517,0.15185,1.0,1.0,3.0,4.0,0.414003,0.080051,1.0,0.0
136,I475,0,20260823,-1.0,-1.0,-1.0,-1.0,0.60549,-1.0,-1.0,-1.0,-1.0,-1.0,-1.0,-1.0,-1.0,-1.0,0.0,0.0
136,I612,0,20260823,0.759645,0.568331,57.0,0.689304,0.503706,0.972391,51.347051,0.227353,9.0,6.0,5.0,1.0,0.474533,0.076521,0.0,0.0
136,I248,1,20260823,-1.0,-1.0,-1.0,-1.0,0.397784,-1.0,-1.0,-1.0,-1.0,-1.0,-1.0,-1.0,-1.0,-1.0,1.0,0.0
137,I308,0,20260823,0.15765,0.149939,45.0,0.653511,0.523843,0.850117,70.300919,0.381788,8.0,7.0,3.0,7.0,0.387263,0.067478,1.0,0.0
137,I531,0,20260823,0.260055,0.134449,54.0,0.359347,0.329933,0.745244,59.700342,0.045556,7.0,7.0,4.0,3.0,0.405881,0.069847,1.0,0.0
137,I453,0,20260823,0.776637,0.345441,39.0,0.521478,0.390404,0.946652,77.097953,0.61124,3.0,2.0,1.0,1.0,0.486354,0.077253,1.0,0.0
137,I390,,20260823,-1.0,-1.0,-1.0,-1.0,0.239132,-1.0,-1.0,-1.0,-1.0,-1.0,-1.0,-1.0,-1.0,-1.0,1.0,0.0
137,I188,0,20260823,0.757517,0.387919,29.0,0.573631,0.277846,0.731882,183.163541,0.250623,11.0,5.0,3.0,6.0,0.482877,0.07013,0.0,0.0
137,I322,1,20260823,0.298085,0.481213,39.0,0.481137,0.655669,0.804294,38.723179,0.206427,10.0,6.0,3.0,7.0,0.441907,0.070709,1.0,0.0
137,I411,0,20260823,-1.0,-1.0,-1.0,-1.0,0.166362,-1.0,-1.0,-1.0,-1.0,-1.0,-1.0,-1.0,-1.0,-1.0,1.0,0.0
138,I169,0,20260823,0.308862,0.866018,24.0,0.541607,0.28352,0.713876,69.669676,0.302694,8.0,3.0,5.0,7.0,0.441702,0.081555,1.0,0.0
138,I583,0,20260823,0.404765,0.613908,47.0,0.708612,0.875781,0.808005,5.906166,0.314453,9.0,4.0,2.0,4.0,0.441786,0.066084,0.0,0.0
138,I380,0,20260823,-1.0,-1.0,-1.0,-1.0,0.23774,-1.0,-1.0,-1.0,-1.0,-1.0,-1.0,-1.0,-1.0,-1.0,0.0,0.0
138,I003,1,20260823,0.387831,0.074831,21.0,0.608826,0.840887,0.83777,20.722393,0.301356,7.0,1.0,4.0,3.0,0.419546,0.07009,1.0,0.0
138,I662,0,20260823,0.290477,0.65062,19.0,0.636422,0.098583,0.746291,78.291161,0.283178,5.0,5.0,2.0,1.0,0.412191,0.079838,0.0,0.0
138,I080,0,20260823,-1.0,-1.0,-1.0,-1.0,0.526392,-1.0,-1.0,-1.0,-1.0,-1.0,-1.0,-1.0,-1.0,-1.0,0.0,0.0
138,I590,0,20260823,-1.0,-1.0,-1.0,-1.0,0.631882,-1.0,-1.0,-1.0,-1.0,-1.0,-1.0,-1.0,-1.0,-1.0,0.0,0.0
139,I380,0,20260823,-1.0,-1.0,-1.0,-1.0,0.490023,-1.0,-1.0,-1.0,-1.0,-1.0,-1.0,-1.0,-1.0,-1.0,0.0,0.0
139,I052,0,20260823,0.485223,0.633406,29.0,0.840164,0.274801,0.823971,69.515659,0.344907,6.0,1.0,2.0,8.0,0.450611,0.066116,1.0,0.0
139,I272,4,20260823,0.484264,0.452022,35.0,0.740966,0.45263,0.981118,165.076987,0.521535,3.0,3.0,5.0,3.0,0.434325,0.067511,1.0,0.0
139,I136,0,20260823,-1.0,-1.0,-1.0,-1.0,0.218753,-1.0,-1.0,-1.0,-1.0,-1.0,-1.0,-1.0,-1.0,-1.0,1.0,0.0
139,I007,0,20260823,0.756306,0.68258,36.0,0.554828,0.711011,0.986453,53.436852,0.010218,1.0,1.0,1.0,1.0,0.497434,0.070156,0.0,1.0
139,I468,0,20260823,-1.0,-1.0,-1.0,-1.0,0.543021,-1.0,-1.0,-1.0,-1.0,-1.0,-1.0,-1.0,-1.0,-1.0,0.0,0.0
139,I472,0,20260823,-1.0,-1.0,-1.0,-1.0,0.270318,-1.0,-1.0,-1.0,-1.0,-1.0,-1.0,-1.0,-1.0,-1.0,0.0,0.0
140,I464,0,20260823,0.265748,0.732361,10.0,0.711422,0.836384,0.986266,190.661192,0.333723,3.0,3.0,4.0,5.0,0.408283,0.067545,1.0,0.0
140,I685,0,20260823,-1.0,-1.0,-1.0,-1.0,0.046842,-1.0,-1.0,-1.0,-1.0,-1.0,-1.0,-1.0,-1.0,-1.0,1.0,0.0
140,I407,0,20260823,0.151373,0.587949,13.0,0.261134,0.091548,0.791941,51.865872,0.514849,10.0,5.0,5.0,7.0,0.420351,0.069683,1.0,0.0
140,I049,0,20260823,-1.0,-1.0,-1.0,-1.0,0.576871,-1.0,-1.0,-1.0,-1.0,-1.0,-1.0,-1.0,-1.0,-1.0,0.0,0.0
140,I291,0,20260823,0.366031,0.782373,71.0,0.605631,0.535774,0.882014,31.835092,0.167137,5.0,3.0,1.0,8.0,0.421894,0.068773,0.0,0.0
140,I411,0,20260823,-1.0,-1.0,-1.0,-1.0,0.72058,-1.0,-1.0,-1.0,-1.0,-1.0,-1.0,-1.0,-1.0,-1.0,0.0,0.0
140,I404,1,20260823,-1.0,-1.0,-1.0,-1.0,0.857166,-1.0,-1.0,-1.0,-1.0,-1.0,-1.0,-1.0,-1.0,-1.0,1.0,0.0
141,I127,4,20260824,0.435163,0.780922,42.0,0.601966,0.906728,0.615717,76.287958,0.029438,10.0,7.0,1.0,5.0,0.429349,0.065192,1.0,0.0
141,I328,0,20260824,-1.0,-1.0,-1.0,-1.0,0.513517,-1.0,-1.0,-1.0,-1.0,-1.0,-1.0,-1.0,-1.0,-1.0,1.0,0.0
141,I554,,20260824,-1.0,-1.0,-1.0,-1.0,0.50872,-1.0,-1.0,-1.0,-1.0,-1.0,-1.0,-1.0,-1.0,-1.0,0.0,0.0
141,I571,0,20260824,0.674333,0.519946,30.0,0.485536,0.335513,0.698272,3.122479,0.308185,2.0,2.0,3.0,2.0,0.464067,0.080647,1.0,0.0
141,I311,0,20260824,0.491092,0.535921,42.0,0.495966,0.565017,0.451726,15.560933,0.29105,11.0,3.0,1.0,6.0,0.448004,0.080326,1.0,0.0
141,I158,0,20260824,-1.0,-1.0,-1.0,-1.0,0.40718,-1.0,-1.0,-1.0,-1.0,-1.0,-1.0,-1.0,-1.0,-1.0,0.0,0.0
141,I259,0,20260824,-1.0,-1.0,-1.0,-1.0,0.300273,-1.0,-1.0,-1.0,-1.0,-1.0,-1.0,-1.0,-1.0,-1.0,1.0,0.0
142,I600,0,20260824,-1.0,-1.0,-1.0,-1.0,0.082821,-1.0,-1.0,-1.0,-1.0,-1.0,-1.0,-1.0,-1.0,-1.0,1.0,0.0
142,I468,0,20260824,-1.0,-1.0,-1.0,-1.0,0.206395,-1.0,-1.0,-1.0,-1.0,-1.0,-1.0,-1.0,-1.0,-1.0,0.0,0.0
142,I366,1,20260824,-1.0,-1.0,-1.0,-1.0,0.243763,-1.0,-1.0,-1.0,-1.0,-1.0,-1.0,-1.0,-1.0,-1.0,1.0,0.0
142,I201,0,20260824,-1.0,-1.0,-1.0,-1.0,0.331487,-1.0,-1.0,-1.0,-1.0,-1.0,-1.0,-1.0,-1.0,-1.0,1.0,0.0
142,I444,0,20260824,-1.0,-1.0,-1.0,-1.0,0.32677,-1.0,-1.0,-1.0,-1.0,-1.0,-1.0,-1.0,-1.0,-1.0,1.0,0.0
142,I119,0,20260824,-1.0,-1.0,-1.0,-1.0,0.304451,-1.0,-1.0,-1.0,-1.0,-1.0,-1.0,-1.0,-1.0,-1.0,1.0,0.0
142,I257,0,20260824,-1.0,-1.0,-1.0,-1.0,0.196158,-1.0,-1.0,-1.0,-1.0,-1.0,-1.0,-1.0,-1.0,-1.0,1.0,0.0
143,I654,10,20260824,0.758917,0.338097,75.0,0.192659,0.845554,0.73034,148.293286,0.345383,4.0,3.0,1.0,2.0,0.491824,0.070839,1.0,0.0
143,I674,0,20260824,-1.0,-1.0,-1.0,-1.0,0.204487,-1.0,-1.0,-1.0,-1.0,-1.0,-1.0,-1.0,-1.0,-1.0,1.0,0.0
143,I473,0,20260824,-1.0,-1.0,-1.0,-1.0,0.075584,-1.0,-1.0,-1.0,-1.0,-1.0,-1.0,-1.0,-1.0,-1.0,0.0,0.0
143,I386,0,20260824,-1.0,-1.0,-1.0,-1.0,0.376183,-1.0,-1.0,-1.0,-1.0,-1.0,-1.0,-1.0,-1.0,-1.0,1.0,0.0
143,I580,,20260824,-1.0,-1.0,-1.0,-1.0,0.467178,-1.0,-1.0,-1.0,-1.0,-1.0,-1.0,-1.0,-1.0,-1.0,0.0,0.0
143,I093,0,20260824,-1.0,-1.0,-1.0,-1.0,0.744648,-1.0,-1.0,-1.0,-1.0,-1.0,-1.0,-1.0,-1.0,-1.0,0.0,0.0
143,I092,0,20260824,-1.0,-1.0,-1.0,-1.0,0.564229,-1.0,-1.0,-1.0,-1.0,-1.0,-1.0,-1.0,-1.0,-1.0,0.0,0.0
144,I644,0,20260824,-1.0,-1.0,-1.0,-1.0,0.492526,-1.0,-1.0,-1.0,-1.0,-1.0,-1.0,-1.0,-1.0,-1.0,0.0,0.0
144,I509,0,20260824,-1.0,-1.0,-1.0,-1.0,0.284311,-1.0,-1.0,-1.0,-1.0,-1.0,-1.0,-1.0,-1.0,-1.0,0.0,0.0
144,I038,0,20260824,-1.0,-1.0,-1.0,-1.0,0.458413,-1.0,-1.0,-1.0,-1.0,-1.0,-1.0,-1.0,-1.0,-1.0,1.0,0.0
144,I355,1,20260824,-1.0,-1.0,-1.0,-1.0,0.863639,-1.0,-1.0,-1.0,-1.0,-1.0,-1.0,-1.0,-1.0,-1.0,1.0,0.0
144,I193,0,20260824,-1.0,-1.0,-1.0,-1.0,0.416771,-1.0,-1.0,-1.0,-1.0,-1.0,-1.0,-1.0,-1.0,-1.0,1.0,0.0
144,I383,0,20260824,-1.0,-1.0,-1.0,-1.0,0.560231,-1.0,-1.0,-1.0,-1.0,-1.0,-1.0,-1.0,-1.0,-1.0,1.0,0.0
144,I582,0,20260824,-1.0,-1.0,-1.0,-1.0,0.345328,-1.0,-1.0,-1.0,-1.0,-1.0,-1.0,-1.0,-1.0,-1.0,0.0,0.0
145,I136,0,20260824,-1.0,-1.0,-1.0,-1.0,0.366994,-1.0,-1.0,-1.0,-1.0,-1.0,-1.0,-1.0,-1.0,-1.0,0.0,0.0
145,I089,0,20260824,-1.0,-1.0,-1.0,-1.0,0.423419,-1.0,-1.0,-1.0,-1.0,-1.0,-1.0,-1.0,-1.0,-1.0,0.0,0.0
145,I017,0,20260824,-1.0,-1.0,-1.0,-1.0,0.306885,-1.0,-1.0,-1.0,-1.0,-1.0,-1.0,-1.0,-1.0,-1.0,0.0,0.0
145,I040,10,20260824,-1.0,-1.0,-1.0,-1.0,0.779288,-1.0,-1.0,-1.0,-1.0,-1.0,-1.0,-1.0,-1.0,-1.0,1.0,0.0
145,I554,0,20260824,-1.0,-1.0,-1.0,-1.0,0.807333,-1.0,-1.0,-1.0,-1.0,-1.0,-1.0,-1.0,-1.0,-1.0,1.0,0.0
145,I594,0,20260824,0.098695,0.859425,56.0,0.623648,0.493344,0.912618,143.70992,0.081894,11.0,7.0,3.0,2.0,0.383169,0.065548,0.0,0.0
145,I285,0,20260824,-1.0,-1.0,-1.0,-1.0,0.301307,-1.0,-1.0,-1.0,-1.0,-1.0,-1.0,-1.0,-1.0,-1.0,0.0,1.0
146,I322,0,20260824,0.298085,0.481213,39.0,0.481137,0.494883,0.804294,38.723179,0.206427,10.0,6.0,3.0,7.0,0.441907,0.070709,0.0,1.0
146,I568,3,20260824,0.129281,0.338811,79.0,0.397802,0.551781,0.545497,71.99389,0.350834,5.0,5.0,1.0,3.0,0.393968,0.083034,1.0,0.0
146,I159,0,20260824,-1.0,-1.0,-1.0,-1.0,0.738225,-1.0,-1.0,-1.0,-1.0,-1.0,-1.0,-1.0,-1.0,-1.0,1.0,0.0
146,I069,0,20260824,-1.0,-1.0,-1.0,-1.0,0.171765,-1.0,-1.0,-1.0,-1.0,-1.0,-1.0,-1.0,-1.0,-1.0,0.0,1.0
146,I503,0,20260824,-1.0,-1.0,-1.0,-1.0,0.39228,-1.0,-1.0,-1.0,-1.0,-1.0,-1.0,-1.0,-1.0,-1.0,0.0,0.0
146,I527,0,20260824,-1.0,-1.0,-1.0,-1.0,0.560606,-1.0,-1.0,-1.0,-1.0,-1.0,-1.0,-1.0,-1.0,-1.0,0.0,0.0
146,I269,0,20260824,-1.0,-1.0,-1.0,-1.0,0.578535,-1.0,-1.0,-1.0,-1.0,-1.0,-1.0,-1.0,-1.0,-1.0,0.0,0.0
147,I641,4,20260824,0.247189,0.699588,35.0,0.389807,0.795447,0.95803,16.894888,0.060793,10.0,4.0,4.0,8.0,0.415495,0.08158,1.0,0.0
147,I543,0,20260824,-1.0,-1.0,-1.0,-1.0,0.496919,-1.0,-1.0,-1.0,-1.0,-1.0,-1.0,-1.0,-1.0,-1.0,1.0,0.0
147,I289,0,20260824,-1.0,-1.0,-1.0,-1.0,0.649146,-1.0,-1.0,-1.0,-1.0,-1.0,-1.0,-1.0,-1.0,-1.0,1.0,0.0
147,I060,0,20260824,0.723288,0.076572,30.0,0.355415,0.684357,0.92969,33.814395,0.01331,9.0,3.0,2.0,5.0,0.489104,0.065426,1.0,0.0
147,I210,0,20260824,-1.0,-1.0,-1.0,-1.0,0.700343,-1.0,-1.0,-1.0,-1.0,-1.0,-1.0,-1.0,-1.0,-1.0,1.0,0.0
147,I110,0,20260824,-1.0,-1.0,-1.0,-1.0,0.45108,-1.0,-1.0,-1.0,-1.0,-1.0,-1.0,-1.0,-1.0,-1.0,0.0,0.0
147,I133,0,20260824,0.750204,0.660152,29.0,0.344019,0.525058,0.894176,48.911651,0.247248,10.0,5.0,3.0,3.0,0.509345,0.073053,1.0,0.0
148,I555,0,20260824,0.691295,0.913725,17.0,0.739292,0.112289,0.861488,24.871148,0.448424,6.0,5.0,2.0,3.0,0.473774,0.074236,0.0,1.0
148,I695,0,20260824,-1.0,-1.0,-1.0,-1.0,0.749868,-1.0,-1.0,-1.0,-1.0,-1.0,-1.0,-1.0,-1.0,-1.0,0.0,1.0
148,I624,,20260824,-1.0,-1.0,-1.0,-1.0,0.393469,-1.0,-1.0,-1.0,-1.0,-1.0,-1.0,-1.0,-1.0,-1.0,1.0,0.0
148,I147,4,20260824,0.22109,0.169742,46.0,0.691733,0.66411,0.929975,158.592366,0.098196,10.0,4.0,2.0,8.0,0.414595,0.072489,0.0,0.0
148,I232,0,20260824,0.145623,0.746535,35.0,0.638089,0.351492,0.905025,33.10619,0.517335,4.0,4.0,5.0,7.0,0.418279,0.08091,1.0,0.0
148,I557,0,20260824,0.465933,0.81295,69.0,0.680729,0.555815,0.906853,111.79822,0.424963,5.0,5.0,5.0,2.0,0.457295,0.075502,0.0,0.0
148,I138,0,20260824,-1.0,-1.0,-1.0,-1.0,0.362676,-1.0,-1.0,-1.0,-1.0,-1.0,-1.0,-1.0,-1.0,-1.0,0.0,0.0
149,I309,0,20260824,-1.0,-1.0,-1.0,-1.0,0.277507,-1.0,-1.0,-1.0,-1.0,-1.0,-1.0,-1.0,-1.0,-1.0,1.0,0.0
149,I110,0,20260824,-1.0,-1.0,-1.0,-1.0,0.228327,-1.0,-1.0,-1.0,-1.0,-1.0,-1.0,-1.0,-1.0,-1.0,0.0,0.0
149,I470,0,20260824,-1.0,-1.0,-1.0,-1.0,0.266486,-1.0,-1.0,-1.0,-1.0,-1.0,-1.0,-1.0,-1.0,-1.0,0.0,0.0
149,I485,0,20260824,0.318861,0.634171,17.0,0.461009,0.315969,0.764061,100.83945,0.130288,10.0,4.0,1.0,1.0,0.430211,0.074654,0.0,0.0
149,I205,0,20260824,-1.0,-1.0,-1.0,-1.0,0.337114,-1.0,-1.0,-1.0,-1.0,-1.0,-1.0,-1.0,-1.0,-1.0,0.0,0.0
149,I117,0,20260824,-1.0,-1.0,-1.0,-1.0,0.620137,-1.0,-1.0,-1.0,-1.0,-1.0,-1.0,-1.0,-1.0,-1.0,0.0,0.0
149,I164,1,20260824,0.404521,0.497458,40.0,0.767195,0.210618,0.809405,194.874534,0.408132,2.0,2.0,1.0,3.0,0.439629,0.073973,1.0,0.0
150,I511,0,20260824,0.527609,0.468314,36.0,0.635666,0.058801,0.814599,41.738714,0.698559,9.0,6.0,3.0,6.0,0.447038,0.072756,1.0,0.0
150,I187,1,20260824,-1.0,-1.0,-1.0,-1.0,0.334607,-1.0,-1.0,-1.0,-1.0,-1.0,-1.0,-1.0,-1.0,-1.0,1.0,0.0
150,I528,,20260824,-1.0,-1.0,-1.0,-1.0,0.168914,-1.0,-1.0,-1.0,-1.0,-1.0,-1.0,-1.0,-1.0,-1.0,0.0,0.0
150,I621,0,20260824,-1.0,-1.0,-1.0,-1.0,0.306197,-1.0,-1.0,-1.0,-1.0,-1.0,-1.0,-1.0,-1.0,-1.0,0.0,0.0
150,I462,0,20260824,0.762995,0.462795,77.0,0.25635,0.68115,0.86606,9.634817,0.13696,7.0,7.0,3.0,6.0,0.50502,0.075236,1.0,0.0
150,I650,0,20260824,-1.0,-1.0,-1.0,-1.0,0.627554,-1.0,-1.0,-1.0,-1.0,-1.0,-1.0,-1.0,-1.0,-1.0,0.0,0.0
150,I608,0,20260824,-1.0,-1.0,-1.0,-1.0,0.402746,-1.0,-1.0,-1.0,-1.0,-1.0,-1.0,-1.0,-1.0,-1.0,0.0,0.0
151,I429,4,20260824,-1.0,-1.0,-1.0,-1.0,0.343125,-1.0,-1.0,-1.0,-1.0,-1.0,-1.0,-1.0,-1.0,-1.0,1.0,0.0
151,I066,0,20260824,-1.0,-1.0,-1.0,-1.0,0.330217,-1.0,-1.0,-1.0,-1.0,-1.0,-1.0,-1.0,-1.0,-1.0,0.0,1.0
151,I578,0,20260824,0.23277,0.415806,79.0,0.716156,0.501201,0.909382,22.126011,0.021867,3.0,3.0,3.0,2.0,0.420136,0.076858,1.0,0.0
151,I564,0,20260824,-1.0,-1.0,-1.0,-1.0,0.36352,-1.0,-1.0,-1.0,-1.0,-1.0,-1.0,-1.0,-1.0,-1.0,1.0,0.0
151,I416,0,20260824,-1.0,-1.0,-1.0,-1.0,0.165283,-1.0,-1.0,-1.0,-1.0,-1.0,-1.0,-1.0,-1.0,-1.0,0.0,0.0
151,I023,0,20260824,-1.0,-1.0,-1.0,-1.0,0.463289,-1.0,-1.0,-1.0,-1.0,-1.0,-1.0,-1.0,-1.0,-1.0,0.0,0.0
151,I201,0,20260824,-1.0,-1.0,-1.0,-1.0,0.299674,-1.0,-1.0,-1.0,-1.0,-1.0,-1.0,-1.0,-1.0,-1.0,0.0,0.0
152,I249,0,20260824,0.619538,0.446365,40.0,0.429129,0.229031,0.643054,38.404182,0.022672,3.0,2.0,3.0,6.0,0.479771,0.08296,1.0,0.0
152,I375,4,20260824,-1.0,-1.0,-1.0,-1.0,0.558719,-1.0,-1.0,-1.0,-1.0,-1.0,-1.0,-1.0,-1.0,-1.0,0.0,0.0
152,I190,0,20260824,-1.0,-1.0,-1.0,-1.0,0.521452,-1.0,-1.0,-1.0,-1.0,-1.0,-1.0,-1.0,-1.0,-1.0,0.0,0.0
152,I543,0,20260824,-1.0,-1.0,-1.0,-1.0,0.395601,-1.0,-1.0,-1.0,-1.0,-1.0,-1.0,-1.0,-1.0,-1.0,0.0,0.0
152,I336,0,20260824,0.32385,0.54156,18.0,0.495445,0.781666,0.776166,88.530625,0.000779,4.0,4.0,5.0,4.0,0.429476,0.08083,0.0,0.0
152,I185,0,20260824,0.481527,0.595469,47.0,0.554703,0.530511,0.790128,50.970982,0.572851,3.0,1.0,4.0,5.0,0.463675,0.071823,1.0,0.0
152,I157,0,20260824,-1.0,-1.0,-1.0,-1.0,0.137519,-1.0,-1.0,-1.0,-1.0,-1.0,-1.0,-1.0,-1.0,-1.0,1.0,0.0
153,I442,0,20260824,0.404268,0.839385,72.0,0.325267,0.634068,0.7226,140.974008,0.002937,3.0,3.0,5.0,5.0,0.438097,0.064148,1.0,0.0
153,I136,0,20260824,-1.0,-1.0,-1.0,-1.0,0.264114,-1.0,-1.0,-1.0,-1.0,-1.0,-1.0,-1.0,-1.0,-1.0,0.0,0.0
153,I495,10,20260824,0.428623,0.416575,71.0,0.702235,0.27112,0.707774,83.029575,0.18811,6.0,2.0,1.0,2.0,0.457909,0.073262,1.0,0.0
153,I112,0,20260824,0.67786,0.899913,30.0,0.254068,0.243486,0.774218,27.240784,0.436912,6.0,3.0,5.0,8.0,0.487161,0.082908,0.0,0.0
153,I210,0,20260824,-1.0,-1.0,-1.0,-1.0,0.517497,-1.0,-1.0,-1.0,-1.0,-1.0,-1.0,-1.0,-1.0,-1.0,1.0,0.0
153,I131,0,20260824,-1.0,-1.0,-1.0,-1.0,0.124423,-1.0,-1.0,-1.0,-1.0,-1.0,-1.0,-1.0,-1.0,-1.0,1.0,0.0
153,I172,0,20260824,-1.0,-1.0,-1.0,-1.0,0.320816,-1.0,-1.0,-1.0,-1.0,-1.0,-1.0,-1.0,-1.0,-1.0,1.0,0.0
154,I522,0,20260824,0.222901,0.676451,20.0,0.450163,0.759816,0.548804,93.959672,0.153658,7.0,3.0,5.0,1.0,0.427748,0.069378,0.0,0.0
154,I628,0,20260824,-1.0,-1.0,-1.0,-1.0,0.290212,-1.0,-1.0,-1.0,-1.0,-1.0,-1.0,-1.0,-1.0,-1.0,1.0,0.0
154,I400,,20260824,0.537709,0.178555,30.0,0.760158,0.643635,0.81781,21.863733,0.196629,6.0,4.0,5.0,7.0,0.445348,0.070972,1.0,0.0
154,I005,0,20260824,0.811193,0.444484,54.0,0.685679,0.698135,0.892345,28.782595,0.254558,1.0,1.0,5.0,5.0,0.490984,0.067166,0.0,0.0
154,I017,10,20260824,-1.0,-1.0,-1.0,-1.0,0.464165,-1.0,-1.0,-1.0,-1.0,-1.0,-1.0,-1.0,-1.0,-1.0,1.0,0.0
154,I256,0,20260824,0.239954,0.285746,49.0,0.450581,0.382254,0.90062,97.271935,0.272371,4.0,4.0,3.0,5.0,0.412498,0.064972,1.0,0.0
154,I294,0,20260824,-1.0,-1.0,-1.0,-1.0,0.759371,-1.0,-1.0,-1.0,-1.0,-1.0,-1.0,-1.0,-1.0,-1.0,1.0,0.0
155,I627,10,20260825,0.278042,0.753747,14.0,0.431737,0.801023,0.845278,6.93454,0.383691,8.0,5.0,1.0,2.0,0.417665,0.065453,1.0,0.0
155,I117,0,20260825,-1.0,-1.0,-1.0,-1.0,0.518794,-1.0,-1.0,-1.0,-1.0,-1.0,-1.0,-1.0,-1.0,-1.0,0.0,0.0
155,I027,0,20260825,-1.0,-1.0,-1.0,-1.0,0.09678,-1.0,-1.0,-1.0,-1.0,-1.0,-1.0,-1.0,-1.0,-1.0,1.0,0.0
155,I364,0,20260825,0.175346,0.543572,31.0,0.624487,0.423123,0.954977,30.477413,0.190004,10.0,5.0,4.0,5.0,0.392442,0.07709,0.0,0.0
155,I064,,20260825,0.648879,0.759294,63.0,0.640036,0.59978,0.803797,9.045869,0.104677,10.0,7.0,2.0,4.0,0.463726,0.083097,0.0,0.0
155,I624,0,20260825,-1.0,-1.0,-1.0,-1.0,0.545644,-1.0,-1.0,-1.0,-1.0,-1.0,-1.0,-1.0,-1.0,-1.0,1.0,0.0
155,I180,0,20260825,0.433473,0.851439,52.0,0.483537,0.427498,0.685503,57.586314,0.085881,2.0,2.0,3.0,2.0,0.43905,0.065871,1.0,0.0
156,I113,4,20260825,-1.0,-1.0,-1.0,-1.0,0.675618,-1.0,-1.0,-1.0,-1.0,-1.0,-1.0,-1.0,-1.0,-1.0,1.0,0.0
156,I561,0,20260825,0.24448,0.167817,52.0,0.188007,0.813175,0.952742,41.663995,0.175372,10.0,4.0,5.0,3.0,0.398338,0.072275,0.0,0.0
156,I040,0,20260825,-1.0,-1.0,-1.0,-1.0,0.598399,-1.0,-1.0,-1.0,-1.0,-1.0,-1.0,-1.0,-1.0,-1.0,0.0,0.0
156,I474,0,20260825,0.500466,0.537038,76.0,0.85034,0.291421,0.758432,50.863628,0.042155,2.0,2.0,4.0,4.0,0.459824,0.077831,1.0,0.0
156,I228,0,20260825,-1.0,-1.0,-1.0,-1.0,0.586086,-1.0,-1.0,-1.0,-1.0,-1.0,-1.0,-1.0,-1.0,-1.0,1.0,0.0
156,I562,0,20260825,-1.0,-1.0,-1.0,-1.0,0.404873,-1.0,-1.0,-1.0,-1.0,-1.0,-1.0,-1.0,-1.0,-1.0,0.0,0.0
156,I529,,20260825,0.686896,0.824379,30.0,0.817551,0.314943,0.730012,89.280065,0.099481,5.0,3.0,5.0,7.0,0.492802,0.079726,1.0,0.0
157,I491,1,20260825,0.563231,0.31198,68.0,0.307161,0.310049,0.882655,69.640445,0.190339,5.0,5.0,5.0,6.0,0.460024,0.079732,1.0,0.0
157,I059,0,20260825,0.683363,0.405242,29.0,0.523742,0.439543,0.318644,63.377486,0.248478,11.0,7.0,4.0,2.0,0.471127,0.074676,1.0,0.0
157,I179,0,20260825,0.738786,0.364997,47.0,0.370058,0.636226,0.719706,100.456378,0.253142,5.0,1.0,3.0,1.0,0.499201,0.065889,0.0,0.0
157,I110,0,20260825,-1.0,-1.0,-1.0,-1.0,0.448108,-1.0,-1.0,-1.0,-1.0,-1.0,-1.0,-1.0,-1.0,-1.0,0.0,0.0
157,I229,0,20260825,0.851417,0.698593,58.0,0.541106,0.197694,0.74907,27.471758,0.076798,1.0,1.0,2.0,6.0,0.510733,0.065628,0.0,0.0
157,I143,0,20260825,-1.0,-1.0,-1.0,-1.0,0.138686,-1.0,-1.0,-1.0,-1.0,-1.0,-1.0,-1.0,-1.0,-1.0,0.0,0.0
157,I011,0,20260825,-1.0,-1.0,-1.0,-1.0,0.058083,-1.0,-1.0,-1.0,-1.0,-1.0,-1.0,-1.0,-1.0,-1.0,1.0,0.0
158,I212,0,20260825,-1.0,-1.0,-1.0,-1.0,0.592916,-1.0,-1.0,-1.0,-1.0,-1.0,-1.0,-1.0,-1.0,-1.0,0.0,0.0
158,I432,0,20260825,-1.0,-1.0,-1.0,-1.0,0.543782,-1.0,-1.0,-1.0,-1.0,-1.0,-1.0,-1.0,-1.0,-1.0,1.0,0.0
158,I482,0,20260825,0.355577,0.59815,61.0,0.05183,0.370046,0.927877,162.123218,0.118848,9.0,6.0,1.0,3.0,0.418964,0.067714,0.0,0.0
158,I004,0,20260825,0.549769,0.691045,58.0,0.534303,0.528222,0.857981,44.288319,0.694796,9.0,2.0,4.0,4.0,0.444819,0.070722,0.0,1.0
158,I195,0,20260825,0.379031,0.680024,20.0,0.687923,0.446438,0.86723,58.327764,0.13396,11.0,7.0,2.0,4.0,0.419165,0.073452,1.0,0.0
158,I377,0,20260825,-1.0,-1.0,-1.0,-1.0,0.031399,-1.0,-1.0,-1.0,-1.0,-1.0,-1.0,-1.0,-1.0,-1.0,1.0,0.0
158,I093,3,20260825,-1.0,-1.0,-1.0,-1.0,0.443264,-1.0,-1.0,-1.0,-1.0,-1.0,-1.0,-1.0,-1.0,-1.0,1.0,1.0
159,I454,3,20260825,-1.0,-1.0,-1.0,-1.0,0.779604,-1.0,-1.0,-1.0,-1.0,-1.0,-1.0,-1.0,-1.0,-1.0,1.0,0.0
159,I665,0,20260825,-1.0,-1.0,-1.0,-1.0,0.583597,-1.0,-1.0,-1.0,-1.0,-1.0,-1.0,-1.0,-1.0,-1.0,0.0,0.0
159,I204,0,20260825,0.55308,0.558303,26.0,0.780414,0.861292,0.793926,13.026301,0.110519,9.0,5.0,1.0,3.0,0.477797,0.076035,0.0,0.0
159,I276,0,20260825,0.421494,0.091632,62.0,0.581332,0.438643,0.954965,118.058236,0.028127,4.0,2.0,4.0,2.0,0.440228,0.067458,1.0,0.0
159,I153,0,20260825,-1.0,-1.0,-1.0,-1.0,0.691706,-1.0,-1.0,-1.0,-1.0,-1.0,-1.0,-1.0,-1.0,-1.0,0.0,0.0
159,I486,0,20260825,-1.0,-1.0,-1.0,-1.0,0.635391,-1.0,-1.0,-1.0,-1.0,-1.0,-1.0,-1.0,-1.0,-1.0,0.0,0.0
159,I680,0,20260825,-1.0,-1.0,-1.0,-1.0,0.236484,-1.0,-1.0,-1.0,-1.0,-1.0,-1.0,-1.0,-1.0,-1.0,0.0,0.0
160,I273,0,20260825,0.475304,0.344062,39.0,0.263524,0.314617,0.908449,14.824688,0.330224,1.0,1.0,5.0,6.0,0.450354,0.078432,0.0,0.0
160,I569,0,20260825,-1.0,-1.0,-1.0,-1.0,0.315171,-1.0,-1.0,-1.0,-1.0,-1.0,-1.0,-1.0,-1.0,-1.0,1.0,0.0
160,I188,1,20260825,0.757517,0.387919,29.0,0.573631,0.780882,0.731882,183.163541,0.250623,11.0,5.0,3.0,6.0,0.482877,0.07013,1.0,0.0
160,I379,0,20260825,0.797061,0.799543,24.0,0.803216,0.613109,0.850028,98.280227,0.178413,5.0,3.0,4.0,4.0,0.480229,0.077962,1.0,0.0
160,I082,,20260825,-1.0,-1.0,-1.0,-1.0,0.753664,-1.0,-1.0,-1.0,-1.0,-1.0,-1.0,-1.0,-1.0,-1.0,1.0,0.0
160,I561,0,20260825,0.24448,0.167817,52.0,0.188007,0.528156,0.952742,41.663995,0.175372,10.0,4.0,5.0,3.0,0.398338,0.072275,1.0,0.0
160,I475,0,20260825,-1.0,-1.0,-1.0,-1.0,0.345013,-1.0,-1.0,-1.0,-1.0,-1.0,-1.0,-1.0,-1.0,-1.0,0.0,1.0
161,I149,0,20260825,-1.0,-1.0,-1.0,-1.0,0.383709,-1.0,-1.0,-1.0,-1.0,-1.0,-1.0,-1.0,-1.0,-1.0,1.0,0.0
161,I477,0,20260825,0.435978,0.704652,22.0,0.602962,0.928397,0.970009,68.840529,0.209977,7.0,7.0,1.0,7.0,0.429292,0.082832,1.0,0.0
161,I159,0,20260825,-1.0,-1.0,-1.0,-1.0,0.608778,-1.0,-1.0,-1.0,-1.0,-1.0,-1.0,-1.0,-1.0,-1.0,0.0,0.0
161,I541,1,20260825,-1.0,-1.0,-1.0,-1.0,0.539797,-1.0,-1.0,-1.0,-1.0,-1.0,-1.0,-1.0,-1.0,-1.0,1.0,0.0
161,I005,0,20260825,0.811193,0.444484,54.0,0.685679,0.372273,0.892345,28.782595,0.254558,1.0,1.0,5.0,5.0,0.490984,0.067166,1.0,0.0
161,I603,0,20260825,0.583532,0.669059,70.0,0.587549,0.049253,0.684627,4.58335,0.233626,1.0,1.0,2.0,3.0,0.469327,0.082356,0.0,0.0
161,I327,0,20260825,0.586402,0.173751,71.0,0.697372,0.36779,0.753314,74.426382,0.388458,7.0,7.0,1.0,4.0,0.466786,0.077719,1.0,0.0
162,I396,0,20260825,-1.0,-1.0,-1.0,-1.0,0.291325,-1.0,-1.0,-1.0,-1.0,-1.0,-1.0,-1.0,-1.0,-1.0,0.0,0.0
162,I520,10,20260825,0.140628,0.778721,8.0,0.372647,0.654344,0.866708,14.380639,0.045263,4.0,4.0,2.0,7.0,0.382093,0.076882,1.0,0.0
162,I557,0,20260825,0.465933,0.81295,69.0,0.680729,0.619802,0.906853,111.79822,0.424963,5.0,5.0,5.0,2.0,0.457295,0.075502,0.0,1.0
162,I592,0,20260825,-1.0,-1.0,-1.0,-1.0,0.01139,-1.0,-1.0,-1.0,-1.0,-1.0,-1.0,-1.0,-1.0,-1.0,0.0,0.0
162,I477,0,20260825,0.435978,0.704652,22.0,0.602962,0.647742,0.970009,68.840529,0.209977,7.0,7.0,1.0,7.0,0.429292,0.082832,0.0,1.0
162,I219,0,20260825,0.527419,0.142097,67.0,0.559169,0.276948,0.995736,26.668537,0.084365,3.0,3.0,1.0,4.0,0.440091,0.06841,0.0,0.0
162,I207,0,20260825,0.735183,0.445974,8.0,0.154554,0.49502,0.966761,39.238852,0.293314,4.0,4.0,4.0,8.0,0.494178,0.070808,1.0,0.0
163,I007,3,20260825,0.756306,0.68258,36.0,0.554828,0.786547,0.986453,53.436852,0.010218,1.0,1.0,1.0,1.0,0.497434,0.070156,1.0,0.0
163,I564,0,20260825,-1.0,-1.0,-1.0,-1.0,0.722728,-1.0,-1.0,-1.0,-1.0,-1.0,-1.0,-1.0,-1.0,-1.0,1.0,1.0
163,I144,0,20260825,-1.0,-1.0,-1.0,-1.0,0.216532,-1.0,-1.0,-1.0,-1.0,-1.0,-1.0,-1.0,-1.0,-1.0,1.0,0.0
163,I021,0,20260825,0.582962,0.165882,29.0,0.3336,0.286712,0.967957,151.855184,0.566307,11.0,3.0,4.0,6.0,0.464754,0.076374,1.0,0.0
163,I563,0,20260825,-1.0,-1.0,-1.0,-1.0,0.353685,-1.0,-1.0,-1.0,-1.0,-1.0,-1.0,-1.0,-1.0,-1.0,1.0,0.0
163,I434,0,20260825,0.218668,0.579189,42.0,0.4323,0.295502,0.872204,60.51811,0.110487,7.0,1.0,3.0,7.0,0.415643,0.072986,0.0,0.0
163,I553,0,20260825,-1.0,-1.0,-1.0,-1.0,0.483536,-1.0,-1.0,-1.0,-1.0,-1.0,-1.0,-1.0,-1.0,-1.0,0.0,0.0
164,I520,0,20260825,0.140628,0.778721,8.0,0.372647,0.370639,0.866708,14.380639,0.045263,4.0,4.0,2.0,7.0,0.382093,0.076882,0.0,0.0
164,I536,4,20260825,0.235425,0.576409,16.0,0.369413,0.493125,0.694368,79.525234,0.522684,1.0,1.0,5.0,4.0,0.397853,0.077581,1.0,0.0
164,I502,0,20260825,-1.0,-1.0,-1.0,-1.0,0.157964,-1.0,-1.0,-1.0,-1.0,-1.0,-1.0,-1.0,-1.0,-1.0,1.0,0.0
164,I574,0,20260825,-1.0,-1.0,-1.0,-1.0,0.323066,-1.0,-1.0,-1.0,-1.0,-1.0,-1.0,-1.0,-1.0,-1.0,1.0,1.0
164,I058,0,20260825,-1.0,-1.0,-1.0,-1.0,0.386821,-1.0,-1.0,-1.0,-1.0,-1.0,-1.0,-1.0,-1.0,-1.0,0.0,0.0
164,I196,0,20260825,-1.0,-1.0,-1.0,-1.0,0.450914,-1.0,-1.0,-1.0,-1.0,-1.0,-1.0,-1.0,-1.0,-1.0,1.0,0.0
164,I568,0,20260825,0.129281,0.338811,79.0,0.397802,0.407774,0.545497,71.99389,0.350834,5.0,5.0,1.0,3.0,0.393968,0.083034,0.0,0.0
165,I326,0,20260825,-1.0,-1.0,-1.0,-1.0,0.528722,-1.0,-1.0,-1.0,-1.0,-1.0,-1.0,-1.0,-1.0,-1.0,0.0,1.0
165,I467,0,20260825,0.65247,0.978576,45.0,0.272548,0.431929,0.832929,36.632022,0.024334,7.0,1.0,2.0,2.0,0.493016,0.083143,1.0,0.0
165,I244,0,20260825,-1.0,-1.0,-1.0,-1.0,0.196294,-1.0,-1.0,-1.0,-1.0,-1.0,-1.0,-1.0,-1.0,-1.0,0.0,0.0
165,I166,0,20260825,0.143517,0.63042,57.0,0.682321,0.604381,0.516566,35.410955,0.027044,4.0,4.0,2.0,8.0,0.399086,0.07621,1.0,1.0
165,I527,0,20260825,-1.0,-1.0,-1.0,-1.0,0.227172,-1.0,-1.0,-1.0,-1.0,-1.0,-1.0,-1.0,-1.0,-1.0,1.0,0.0
165,I239,1,20260825,-1.0,-1.0,-1.0,-1.0,0.291505,-1.0,-1.0,-1.0,-1.0,-1.0,-1.0,-1.0,-1.0,-1.0,1.0,0.0
165,I235,0,20260825,-1.0,-1.0,-1.0,-1.0,0.550361,-1.0,-1.0,-1.0,-1.0,-1.0,-1.0,-1.0,-1.0,-1.0,0.0,0.0
166,I467,10,20260825,0.65247,0.978576,45.0,0.272548,0.636714,0.832929,36.632022,0.024334,7.0,1.0,2.0,2.0,0.493016,0.083143,1.0,0.0
166,I183,0,20260825,-1.0,-1.0,-1.0,-1.0,0.800116,-1.0,-1.0,-1.0,-1.0,-1.0,-1.0,-1.0,-1.0,-1.0,1.0,0.0
166,I629,0,20260825,-1.0,-1.0,-1.0,-1.0,0.378955,-1.0,-1.0,-1.0,-1.0,-1.0,-1.0,-1.0,-1.0,-1.0,0.0,0.0
166,I027,0,20260825,-1.0,-1.0,-1.0,-1.0,0.022223,-1.0,-1.0,-1.0,-1.0,-1.0,-1.0,-1.0,-1.0,-1.0,0.0,0.0
166,I611,0,20260825,-1.0,-1.0,-1.0,-1.0,0.075713,-1.0,-1.0,-1.0,-1.0,-1.0,-1.0,-1.0,-1.0,-1.0,0.0,0.0
166,I657,0,20260825,-1.0,-1.0,-1.0,-1.0,0.602284,-1.0,-1.0,-1.0,-1.0,-1.0,-1.0,-1.0,-1.0,-1.0,0.0,0.0
166,I580,0,20260825,-1.0,-1.0,-1.0,-1.0,0.30967,-1.0,-1.0,-1.0,-1.0,-1.0,-1.0,-1.0,-1.0,-1.0,0.0,0.0
167,I347,0,20260825,-1.0,-1.0,-1.0,-1.0,0.884898,-1.0,-1.0,-1.0,-1.0,-1.0,-1.0,-1.0,-1.0,-1.0,1.0,0.0
167,I692,0,20260825,-1.0,-1.0,-1.0,-1.0,0.465983,-1.0,-1.0,-1.0,-1.0,-1.0,-1.0,-1.0,-1.0,-1.0,0.0,0.0
167,I084,0,20260825,0.742905,0.730397,25.0,0.210093,0.6015,0.79154,5.707091,0.504733,1.0,1.0,4.0,7.0,0.504861,0.077107,0.0,0.0
167,I528,0,20260825,-1.0,-1.0,-1.0,-1.0,0.087388,-1.0,-1.0,-1.0,-1.0,-1.0,-1.0,-1.0,-1.0,-1.0,0.0,0.0
167,I360,0,20260825,0.733898,0.117561,12.0,0.526874,0.187634,0.73043,25.272352,0.030978,5.0,5.0,1.0,1.0,0.505773,0.066775,0.0,0.0
167,I394,3,20260825,0.352661,0.603033,12.0,0.372722,0.406978,0.86335,81.193873,0.097397,2.0,2.0,3.0,5.0,0.439313,0.07084,1.0,0.0
167,I077,0,20260825,0.321647,0.65474,71.0,0.076157,0.806785,0.625178,88.031569,0.100214,10.0,6.0,2.0,4.0,0.416712,0.079188,1.0,0.0
168,I245,0,20260825,-1.0,-1.0,-1.0,-1.0,0.654895,-1.0,-1.0,-1.0,-1.0,-1.0,-1.0,-1.0,-1.0,-1.0,0.0,0.0
168,I681,0,20260825,-1.0,-1.0,-1.0,-1.0,0.444953,-1.0,-1.0,-1.0,-1.0,-1.0,-1.0,-1.0,-1.0,-1.0,1.0,0.0
168,I089,0,20260825,-1.0,-1.0,-1.0,-1.0,0.514498,-1.0,-1.0,-1.0,-1.0,-1.0,-1.0,-1.0,-1.0,-1.0,1.0,0.0
168,I660,3,20260825,-1.0,-1.0,-1.0,-1.0,0.45179,-1.0,-1.0,-1.0,-1.0,-1.0,-1.0,-1.0,-1.0,-1.0,1.0,0.0
168,I240,0,20260825,-1.0,-1.0,-1.0,-1.0,0.363472,-1.0,-1.0,-1.0,-1.0,-1.0,-1.0,-1.0,-1.0,-1.0,0.0,0.0
168,I665,0,20260825,-1.0,-1.0,-1.0,-1.0,0.508794,-1.0,-1.0,-1.0,-1.0,-1.0,-1.0,-1.0,-1.0,-1.0,1.0,0.0
168,I284,,20260825,0.122373,0.669697,54.0,0.422756,0.216008,0.919955,61.161976,0.190954,7.0,1.0,3.0,6.0,0.40777,0.080695,1.0,0.0
169,I232,0,20260826,0.145623,0.746535,35.0,0.638089,0.716966,0.905025,33.10619,0.517335,4.0,4.0,5.0,7.0,0.418279,0.08091,1.0,0.0
169,I352,1,20260826,0.241232,0.585207,28.0,0.68247,0.57191,0.961787,6.943185,0.009648,10.0,4.0,3.0,2.0,0.39909,0.079545,1.0,0.0
169,I465,0,20260826,-1.0,-1.0,-1.0,-1.0,0.612627,-1.0,-1.0,-1.0,-1.0,-1.0,-1.0,-1.0,-1.0,-1.0,0.0,0.0
169,I628,0,20260826,-1.0,-1.0,-1.0,-1.0,0.518211,-1.0,-1.0,-1.0,-1.0,-1.0,-1.0,-1.0,-1.0,-1.0,0.0,0.0
169,I618,0,20260826,-1.0,-1.0,-1.0,-1.0,0.423695,-1.0,-1.0,-1.0,-1.0,-1.0,-1.0,-1.0,-1.0,-1.0,0.0,0.0
169,I276,0,20260826,0.421494,0.091632,62.0,0.581332,0.421336,0.954965,118.058236,0.028127,4.0,2.0,4.0,2.0,0.440228,0.067458,1.0,1.0
169,I489,0,20260826,0.345839,0.838763,78.0,0.841129,0.555999,0.844939,116.251105,0.043221,5.0,5.0,2.0,6.0,0.448447,0.083375,0.0,0.0
170,I430,0,20260826,0.225843,0.77565,62.0,0.185424,0.250418,0.909693,56.643324,0.688799,11.0,7.0,2.0,1.0,0.419217,0.075763,1.0,0.0
170,I380,0,20260826,-1.0,-1.0,-1.0,-1.0,0.675509,-1.0,-1.0,-1.0,-1.0,-1.0,-1.0,-1.0,-1.0,-1.0,0.0,0.0
170,I446,0,20260826,-1.0,-1.0,-1.0,-1.0,0.610028,-1.0,-1.0,-1.0,-1.0,-1.0,-1.0,-1.0,-1.0,-1.0,0.0,0.0
170,I539,0,20260826,0.107933,0.811151,66.0,0.593617,0.686773,0.796497,30.994087,0.64173,11.0,4.0,1.0,7.0,0.413845,0.080873,0.0,0.0
170,I203,0,20260826,0.408386,0.523926,46.0,0.558855,0.378539,0.845057,37.460653,0.176341,10.0,3.0,5.0,8.0,0.45723,0.078705,0.0,0.0
170,I194,0,20260826,0.672655,0.655925,47.0,0.454998,0.139856,0.766629,29.893017,0.252479,3.0,3.0,4.0,1.0,0.489871,0.073333,0.0,0.0
170,I572,1,20260826,-1.0,-1.0,-1.0,-1.0,0.510976,-1.0,-1.0,-1.0,-1.0,-1.0,-1.0,-1.0,-1.0,-1.0,1.0,0.0
171,I419,0,20260826,0.346721,0.658183,37.0,0.34888,0.218378,0.937169,24.666895,0.378381,1.0,1.0,5.0,3.0,0.447931,0.069038,1.0,0.0
171,I592,0,20260826,-1.0,-1.0,-1.0,-1.0,0.346569,-1.0,-1.0,-1.0,-1.0,-1.0,-1.0,-1.0,-1.0,-1.0,1.0,0.0
171,I685,1,20260826,-1.0,-1.0,-1.0,-1.0,0.777118,-1.0,-1.0,-1.0,-1.0,-1.0,-1.0,-1.0,-1.0,-1.0,0.0,0.0
171,I630,0,20260826,0.547395,0.432648,77.0,0.539504,0.496139,0.758188,17.39872,0.351567,7.0,6.0,1.0,1.0,0.446832,0.072346,0.0,0.0
171,I418,0,20260826,0.492843,0.799155,73.0,0.251543,0.189308,0.8237,42.758885,0.062005,8.0,6.0,2.0,7.0,0.442598,0.079849,0.0,0.0
171,I491,0,20260826,0.563231,0.31198,68.0,0.307161,0.444025,0.882655,69.640445,0.190339,5.0,5.0,5.0,6.0,0.460024,0.079732,0.0,0.0
171,I597,0,20260826,0.71049,0.604882,35.0,0.867264,0.355734,0.581579,79.812575,0.218799,6.0,3.0,4.0,3.0,0.491013,0.066778,0.0,0.0
172,I248,0,20260826,-1.0,-1.0,-1.0,-1.0,0.425947,-1.0,-1.0,-1.0,-1.0,-1.0,-1.0,-1.0,-1.0,-1.0,0.0,0.0
172,I161,0,20260826,0.838484,0.617085,66.0,0.477376,0.654022,0.968034,10.374913,0.073288,4.0,3.0,4.0,8.0,0.492128,0.083844,0.0,0.0
172,I527,0,20260826,-1.0,-1.0,-1.0,-1.0,0.651221,-1.0,-1.0,-1.0,-1.0,-1.0,-1.0,-1.0,-1.0,-1.0,1.0,0.0
172,I511,0,20260826,0.527609,0.468314,36.0,0.635666,0.06606,0.814599,41.738714,0.698559,9.0,6.0,3.0,6.0,0.447038,0.072756,0.0,1.0
172,I003,0,20260826,0.387831,0.074831,21.0,0.608826,0.337746,0.83777,20.722393,0.301356,7.0,1.0,4.0,3.0,0.419546,0.07009,0.0,0.0
172,I075,3,20260826,-1.0,-1.0,-1.0,-1.0,0.577728,-1.0,-1.0,-1.0,-1.0,-1.0,-1.0,-1.0,-1.0,-1.0,1.0,0.0
172,I313,0,20260826,-1.0,-1.0,-1.0,-1.0,0.492948,-1.0,-1.0,-1.0,-1.0,-1.0,-1.0,-1.0,-1.0,-1.0,0.0,0.0
173,I141,0,20260826,0.810764,0.588548,55.0,0.901785,0.298364,0.901531,99.254469,0.150761,8.0,2.0,3.0,5.0,0.493554,0.07713,0.0,0.0
173,I316,10,20260826,-1.0,-1.0,-1.0,-1.0,0.808254,-1.0,-1.0,-1.0,-1.0,-1.0,-1.0,-1.0,-1.0,-1.0,0.0,0.0
173,I376,0,20260826,-1.0,-1.0,-1.0,-1.0,0.385283,-1.0,-1.0,-1.0,-1.0,-1.0,-1.0,-1.0,-1.0,-1.0,0.0,0.0
173,I227,0,20260826,-1.0,-1.0,-1.0,-1.0,0.502746,-1.0,-1.0,-1.0,-1.0,-1.0,-1.0,-1.0,-1.0,-1.0,1.0,0.0
173,I204,0,20260826,0.55308,0.558303,26.0,0.780414,0.16177,0.793926,13.026301,0.110519,9.0,5.0,1.0,3.0,0.477797,0.076035,1.0,0.0
173,I061,0,20260826,-1.0,-1.0,-1.0,-1.0,0.77414,-1.0,-1.0,-1.0,-1.0,-1.0,-1.0,-1.0,-1.0,-1.0,0.0,0.0
173,I018,0,20260826,-1.0,-1.0,-1.0,-1.0,0.482183,-1.0,-1.0,-1.0,-1.0,-1.0,-1.0,-1.0,-1.0,-1.0,1.0,0.0
174,I191,0,20260826,-1.0,-1.0,-1.0,-1.0,0.51118,-1.0,-1.0,-1.0,-1.0,-1.0,-1.0,-1.0,-1.0,-1.0,0.0,0.0
174,I455,0,20260826,-1.0,-1.0,-1.0,-1.0,0.645036,-1.0,-1.0,-1.0,-1.0,-1.0,-1.0,-1.0,-1.0,-1.0,0.0,0.0
174,I678,1,20260826,0.25533,0.617954,31.0,0.323382,0.661531,0.868034,60.034331,0.166086,5.0,3.0,1.0,4.0,0.415345,0.072401,1.0,0.0
174,I179,0,20260826,0.738786,0.364997,47.0,0.370058,0.71793,0.719706,100.456378,0.253142,5.0,1.0,3.0,1.0,0.499201,0.065889,1.0,0.0
174,I038,0,20260826,-1.0,-1.0,-1.0,-1.0,0.548337,-1.0,-1.0,-1.0,-1.0,-1.0,-1.0,-1.0,-1.0,-1.0,0.0,1.0
174,I387,0,20260826,-1.0,-1.0,-1.0,-1.0,0.435817,-1.0,-1.0,-1.0,-1.0,-1.0,-1.0,-1.0,-1.0,-1.0,1.0,0.0
174,I550,0,20260826,0.412043,0.773,79.0,0.424694,0.154547,0.961408,90.475634,0.443978,11.0,7.0,4.0,3.0,0.44544,0.070387,0.0,0.0
175,I555,0,20260826,0.691295,0.913725,17.0,0.739292,0.282183,0.861488,24.871148,0.448424,6.0,5.0,2.0,3.0,0.473774,0.074236,0.0,0.0
175,I398,1,20260826,-1.0,-1.0,-1.0,-1.0,0.298487,-1.0,-1.0,-1.0,-1.0,-1.0,-1.0,-1.0,-1.0,-1.0,1.0,1.0
175,I569,0,20260826,-1.0,-1.0,-1.0,-1.0,0.655201,-1.0,-1.0,-1.0,-1.0,-1.0,-1.0,-1.0,-1.0,-1.0,0.0,0.0
175,I532,0,20260826,0.322594,0.63239,30.0,0.152062,0.136531,0.835719,35.75094,0.058728,7.0,5.0,5.0,5.0,0.420242,0.07702,0.0,0.0
175,I424,0,20260826,-1.0,-1.0,-1.0,-1.0,0.703957,-1.0,-1.0,-1.0,-1.0,-1.0,-1.0,-1.0,-1.0,-1.0,0.0,0.0
175,I522,0,20260826,0.222901,0.676451,20.0,0.450163,0.440106,0.548804,93.959672,0.153658,7.0,3.0,5.0,1.0,0.427748,0.069378,0.0,0.0
175,I120,0,20260826,0.527335,0.56924,31.0,0.588509,0.396782,0.69579,55.581607,0.513492,2.0,1.0,2.0,7.0,0.460201,0.073708,1.0,0.0
176,I585,0,20260826,0.488519,0.668312,59.0,0.301121,0.509975,0.631899,96.527984,0.057333,6.0,4.0,1.0,1.0,0.458909,0.072884,1.0,0.0
176,I316,4,20260826,-1.0,-1.0,-1.0,-1.0,0.675702,-1.0,-1.0,-1.0,-1.0,-1.0,-1.0,-1.0,-1.0,-1.0,1.0,0.0
176,I481,0,20260826,-1.0,-1.0,-1.0,-1.0,0.484661,-1.0,-1.0,-1.0,-1.0,-1.0,-1.0,-1.0,-1.0,-1.0,0.0,0.0
176,I487,0,20260826,0.205357,0.189739,61.0,0.755299,0.354164,0.888342,97.608037,0.013395,6.0,6.0,4.0,8.0,0.413461,0.077212,0.0,0.0
176,I459,0,20260826,-1.0,-1.0,-1.0,-1.0,0.313038,-1.0,-1.0,-1.0,-1.0,-1.0,-1.0,-1.0,-1.0,-1.0,0.0,0.0
176,I295,0,20260826,-1.0,-1.0,-1.0,-1.0,0.607847,-1.0,-1.0,-1.0,-1.0,-1.0,-1.0,-1.0,-1.0,-1.0,1.0,0.0
176,I432,0,20260826,-1.0,-1.0,-1.0,-1.0,0.20649,-1.0,-1.0,-1.0,-1.0,-1.0,-1.0,-1.0,-1.0,-1.0,1.0,0.0
177,I295,0,20260826,-1.0,-1.0,-1.0,-1.0,0.720141,-1.0,-1.0,-1.0,-1.0,-1.0,-1.0,-1.0,-1.0,-1.0,0.0,0.0
177,I220,0,20260826,-1.0,-1.0,-1.0,-1.0,0.579032,-1.0,-1.0,-1.0,-1.0,-1.0,-1.0,-1.0,-1.0,-1.0,1.0,0.0
177,I679,0,20260826,-1.0,-1.0,-1.0,-1.0,0.595788,-1.0,-1.0,-1.0,-1.0,-1.0,-1.0,-1.0,-1.0,-1.0,0.0,0.0
177,I560,0,20260826,-1.0,-1.0,-1.0,-1.0,0.113911,-1.0,-1.0,-1.0,-1.0,-1.0,-1.0,-1.0,-1.0,-1.0,1.0,0.0
177,I410,0,20260826,-1.0,-1.0,-1.0,-1.0,0.437204,-1.0,-1.0,-1.0,-1.0,-1.0,-1.0,-1.0,-1.0,-1.0,1.0,0.0
177,I680,0,20260826,-1.0,-1.0,-1.0,-1.0,0.763094,-1.0,-1.0,-1.0,-1.0,-1.0,-1.0,-1.0,-1.0,-1.0,0.0,0.0
177,I421,1,20260826,-1.0,-1.0,-1.0,-1.0,0.911562,-1.0,-1.0,-1.0,-1.0,-1.0,-1.0,-1.0,-1.0,-1.0,1.0,0.0
178,I453,4,20260826,0.776637,0.345441,39.0,0.521478,0.60082,0.946652,77.097953,0.61124,3.0,2.0,1.0,1.0,0.486354,0.077253,0.0,1.0
178,I644,0,20260826,-1.0,-1.0,-1.0,-1.0,0.29825,-1.0,-1.0,-1.0,-1.0,-1.0,-1.0,-1.0,-1.0,-1.0,1.0,0.0
178,I217,,20260826,-1.0,-1.0,-1.0,-1.0,0.521083,-1.0,-1.0,-1.0,-1.0,-1.0,-1.0,-1.0,-1.0,-1.0,0.0,0.0
178,I663,0,20260826,0.317889,0.315741,47.0,0.411204,0.766733,0.746851,21.466021,0.004065,3.0,3.0,5.0,7.0,0.435322,0.075564,1.0,0.0
178,I408,0,20260826,-1.0,-1.0,-1.0,-1.0,0.436065,-1.0,-1.0,-1.0,-1.0,-1.0,-1.0,-1.0,-1.0,-1.0,0.0,0.0
178,I661,0,20260826,-1.0,-1.0,-1.0,-1.0,0.330644,-1.0,-1.0,-1.0,-1.0,-1.0,-1.0,-1.0,-1.0,-1.0,0.0,0.0
178,I263,0,20260826,-1.0,-1.0,-1.0,-1.0,0.249867,-1.0,-1.0,-1.0,-1.0,-1.0,-1.0,-1.0,-1.0,-1.0,1.0,0.0
179,I543,0,20260826,-1.0,-1.0,-1.0,-1.0,0.205933,-1.0,-1.0,-1.0,-1.0,-1.0,-1.0,-1.0,-1.0,-1.0,1.0,0.0
179,I583,0,20260826,0.404765,0.613908,47.0,0.708612,0.45896,0.808005,5.906166,0.314453,9.0,4.0,2.0,4.0,0.441786,0.066084,1.0,0.0
179,I537,0,20260826,-1.0,-1.0,-1.0,-1.0,0.389116,-1.0,-1.0,-1.0,-1.0,-1.0,-1.0,-1.0,-1.0,-1.0,0.0,0.0
179,I496,3,20260826,-1.0,-1.0,-1.0,-1.0,0.490595,-1.0,-1.0,-1.0,-1.0,-1.0,-1.0,-1.0,-1.0,-1.0,1.0,0.0
179,I042,0,20260826,-1.0,-1.0,-1.0,-1.0,0.61418,-1.0,-1.0,-1.0,-1.0,-1.0,-1.0,-1.0,-1.0,-1.0,0.0,0.0
179,I516,0,20260826,-1.0,-1.0,-1.0,-1.0,0.108421,-1.0,-1.0,-1.0,-1.0,-1.0,-1.0,-1.0,-1.0,-1.0,0.0,0.0
179,I380,0,20260826,-1.0,-1.0,-1.0,-1.0,0.622508,-1.0,-1.0,-1.0,-1.0,-1.0,-1.0,-1.0,-1.0,-1.0,1.0,0.0
180,I340,0,20260826,-1.0,-1.0,-1.0,-1.0,0.345012,-1.0,-1.0,-1.0,-1.0,-1.0,-1.0,-1.0,-1.0,-1.0,1.0,0.0
180,I609,1,20260826,-1.0,-1.0,-1.0,-1.0,0.688279,-1.0,-1.0,-1.0,-1.0,-1.0,-1.0,-1.0,-1.0,-1.0,1.0,0.0
180,I506,0,20260826,-1.0,-1.0,-1.0,-1.0,0.406347,-1.0,-1.0,-1.0,-1.0,-1.0,-1.0,-1.0,-1.0,-1.0,1.0,1.0
180,I472,0,20260826,-1.0,-1.0,-1.0,-1.0,0.291838,-1.0,-1.0,-1.0,-1.0,-1.0,-1.0,-1.0,-1.0,-1.0,0.0,0.0
180,I426,0,20260826,-1.0,-1.0,-1.0,-1.0,0.315078,-1.0,-1.0,-1.0,-1.0,-1.0,-1.0,-1.0,-1.0,-1.0,1.0,1.0
180,I111,0,20260826,-1.0,-1.0,-1.0,-1.0,0.2009,-1.0,-1.0,-1.0,-1.0,-1.0,-1.0,-1.0,-1.0,-1.0,1.0,0.0
180,I544,0,20260826,-1.0,-1.0,-1.0,-1.0,0.279847,-1.0,-1.0,-1.0,-1.0,-1.0,-1.0,-1.0,-1.0,-1.0,0.0,0.0
181,I623,0,20260826,-1.0,-1.0,-1.0,-1.0,0.546255,-1.0,-1.0,-1.0,-1.0,-1.0,-1.0,-1.0,-1.0,-1.0,1.0,1.0
181,I113,0,20260826,-1.0,-1.0,-1.0,-1.0,0.301608,-1.0,-1.0,-1.0,-1.0,-1.0,-1.0,-1.0,-1.0,-1.0,1.0,0.0
181,I090,0,20260826,-1.0,-1.0,-1.0,-1.0,0.278607,-1.0,-1.0,-1.0,-1.0,-1.0,-1.0,-1.0,-1.0,-1.0,1.0,0.0
181,I575,0,20260826,-1.0,-1.0,-1.0,-1.0,0.672704,-1.0,-1.0,-1.0,-1.0,-1.0,-1.0,-1.0,-1.0,-1.0,0.0,0.0
181,I152,0,20260826,0.218005,0.740443,14.0,0.64886,0.14809,0.893245,112.665192,0.152026,1.0,1.0,1.0,3.0,0.416941,0.081104,0.0,0.0
181,I601,0,20260826,-1.0,-1.0,-1.0,-1.0,0.43799,-1.0,-1.0,-1.0,-1.0,-1.0,-1.0,-1.0,-1.0,-1.0,0.0,0.0
181,I361,1,20260826,-1.0,-1.0,-1.0,-1.0,0.861517,-1.0,-1.0,-1.0,-1.0,-1.0,-1.0,-1.0,-1.0,-1.0,1.0,0.0
182,I488,0,20260826,-1.0,-1.0,-1.0,-1.0,0.544162,-1.0,-1.0,-1.0,-1.0,-1.0,-1.0,-1.0,-1.0,-1.0,1.0,0.0
182,I446,0,20260826,-1.0,-1.0,-1.0,-1.0,0.662179,-1.0,-1.0,-1.0,-1.0,-1.0,-1.0,-1.0,-1.0,-1.0,1.0,0.0
182,I647,3,20260826,0.672658,0.70814,25.0,0.314417,0.446996,0.837039,113.862542,0.071603,2.0,2.0,3.0,6.0,0.494636,0.076021,1.0,0.0
182,I398,0,20260826,-1.0,-1.0,-1.0,-1.0,0.160302,-1.0,-1.0,-1.0,-1.0,-1.0,-1.0,-1.0,-1.0,-1.0,1.0,0.0
182,I431,0,20260826,0.372792,0.243562,15.0,0.797226,0.59566,0.891681,92.418146,0.014817,9.0,2.0,1.0,3.0,0.432069,0.075997,0.0,0.0
182,I267,0,20260826,-1.0,-1.0,-1.0,-1.0,0.27983,-1.0,-1.0,-1.0,-1.0,-1.0,-1.0,-1.0,-1.0,-1.0,0.0,0.0
182,I120,0,20260826,0.527335,0.56924,31.0,0.588509,0.104085,0.69579,55.581607,0.513492,2.0,1.0,2.0,7.0,0.460201,0.073708,0.0,0.0
183,I564,0,20260827,-1.0,-1.0,-1.0,-1.0,0.305609,-1.0,-1.0,-1.0,-1.0,-1.0,-1.0,-1.0,-1.0,-1.0,1.0,0.0
183,I328,0,20260827,-1.0,-1.0,-1.0,-1.0,0.347134,-1.0,-1.0,-1.0,-1.0,-1.0,-1.0,-1.0,-1.0,-1.0,0.0,0.0
183,I402,0,20260827,-1.0,-1.0,-1.0,-1.0,0.775286,-1.0,-1.0,-1.0,-1.0,-1.0,-1.0,-1.0,-1.0,-1.0,0.0,0.0
183,I130,3,20260827,0.480972,0.431213,77.0,0.768711,0.731524,0.853069,125.964346,0.090536,2.0,2.0,3.0,5.0,0.457608,0.070447,0.0,0.0
183,I264,0,20260827,-1.0,-1.0,-1.0,-1.0,0.123748,-1.0,-1.0,-1.0,-1.0,-1.0,-1.0,-1.0,-1.0,-1.0,1.0,0.0
183,I325,0,20260827,0.265924,0.658058,59.0,0.519299,0.478959,0.694659,50.851715,0.095188,9.0,5.0,2.0,8.0,0.42762,0.064194,1.0,0.0
183,I369,0,20260827,-1.0,-1.0,-1.0,-1.0,0.199814,-1.0,-1.0,-1.0,-1.0,-1.0,-1.0,-1.0,-1.0,-1.0,1.0,0.0
184,I484,0,20260827,-1.0,-1.0,-1.0,-1.0,0.344552,-1.0,-1.0,-1.0,-1.0,-1.0,-1.0,-1.0,-1.0,-1.0,0.0,0.0
184,I038,0,20260827,-1.0,-1.0,-1.0,-1.0,0.283397,-1.0,-1.0,-1.0,-1.0,-1.0,-1.0,-1.0,-1.0,-1.0,1.0,0.0
184,I176,0,20260827,0.474353,0.747473,13.0,0.432444,0.441714,0.767308,60.366483,0.257315,9.0,5.0,3.0,2.0,0.464497,0.069856,1.0,0.0
184,I359,0,20260827,-1.0,-1.0,-1.0,-1.0,0.718583,-1.0,-1.0,-1.0,-1.0,-1.0,-1.0,-1.0,-1.0,-1.0,0.0,1.0
184,I103,0,20260827,-1.0,-1.0,-1.0,-1.0,0.593633,-1.0,-1.0,-1.0,-1.0,-1.0,-1.0,-1.0,-1.0,-1.0,0.0,0.0
184,I400,0,20260827,0.537709,0.178555,30.0,0.760158,0.261205,0.81781,21.863733,0.196629,6.0,4.0,5.0,7.0,0.445348,0.070972,1.0,0.0
184,I018,3,20260827,-1.0,-1.0,-1.0,-1.0,0.603203,-1.0,-1.0,-1.0,-1.0,-1.0,-1.0,-1.0,-1.0,-1.0,1.0,0.0
185,I609,0,20260827,-1.0,-1.0,-1.0,-1.0,0.214416,-1.0,-1.0,-1.0,-1.0,-1.0,-1.0,-1.0,-1.0,-1.0,0.0,0.0
185,I279,0,20260827,0.52857,0.827534,26.0,0.355261,0.315837,0.872564,129.792808,0.201173,7.0,6.0,1.0,3.0,0.460087,0.069513,0.0,0.0
185,I311,1,20260827,0.491092,0.535921,42.0,0.495966,0.316636,0.451726,15.560933,0.29105,11.0,3.0,1.0,6.0,0.448004,0.080326,0.0,0.0
185,I369,0,20260827,-1.0,-1.0,-1.0,-1.0,0.331586,-1.0,-1.0,-1.0,-1.0,-1.0,-1.0,-1.0,-1.0,-1.0,0.0,0.0
185,I294,0,20260827,-1.0,-1.0,-1.0,-1.0,0.532974,-1.0,-1.0,-1.0,-1.0,-1.0,-1.0,-1.0,-1.0,-1.0,0.0,0.0
185,I445,0,20260827,-1.0,-1.0,-1.0,-1.0,0.504861,-1.0,-1.0,-1.0,-1.0,-1.0,-1.0,-1.0,-1.0,-1.0,1.0,0.0
185,I254,0,20260827,-1.0,-1.0,-1.0,-1.0,0.426769,-1.0,-1.0,-1.0,-1.0,-1.0,-1.0,-1.0,-1.0,-1.0,1.0,0.0
186,I508,0,20260827,-1.0,-1.0,-1.0,-1.0,0.034073,-1.0,-1.0,-1.0,-1.0,-1.0,-1.0,-1.0,-1.0,-1.0,1.0,0.0
186,I599,4,20260827,-1.0,-1.0,-1.0,-1.0,0.442953,-1.0,-1.0,-1.0,-1.0,-1.0,-1.0,-1.0,-1.0,-1.0,1.0,0.0
186,I105,0,20260827,-1.0,-1.0,-1.0,-1.0,0.317317,-1.0,-1.0,-1.0,-1.0,-1.0,-1.0,-1.0,-1.0,-1.0,0.0,0.0
186,I122,,20260827,-1.0,-1.0,-1.0,-1.0,0.499552,-1.0,-1.0,-1.0,-1.0,-1.0,-1.0,-1.0,-1.0,-1.0,1.0,0.0
186,I326,,20260827,-1.0,-1.0,-1.0,-1.0,0.407905,-1.0,-1.0,-1.0,-1.0,-1.0,-1.0,-1.0,-1.0,-1.0,0.0,0.0
186,I631,0,20260827,-1.0,-1.0,-1.0,-1.0,0.234767,-1.0,-1.0,-1.0,-1.0,-1.0,-1.0,-1.0,-1.0,-1.0,1.0,0.0
186,I057,0,20260827,-1.0,-1.0,-1.0,-1.0,0.151954,-1.0,-1.0,-1.0,-1.0,-1.0,-1.0,-1.0,-1.0,-1.0,0.0,1.0
187,I077,0,20260827,0.321647,0.65474,71.0,0.076157,0.255941,0.625178,88.031569,0.100214,10.0,6.0,2.0,4.0,0.416712,0.079188,0.0,0.0
187,I035,0,20260827,-1.0,-1.0,-1.0,-1.0,0.697352,-1.0,-1.0,-1.0,-1.0,-1.0,-1.0,-1.0,-1.0,-1.0,1.0,0.0
187,I677,0,20260827,-1.0,-1.0,-1.0,-1.0,0.675593,-1.0,-1.0,-1.0,-1.0,-1.0,-1.0,-1.0,-1.0,-1.0,1.0,0.0
187,I189,1,20260827,0.402544,0.041517,79.0,0.581664,0.795578,0.874578,282.624879,0.009166,10.0,7.0,5.0,6.0,0.449822,0.076271,0.0,0.0
187,I390,0,20260827,-1.0,-1.0,-1.0,-1.0,0.367237,-1.0,-1.0,-1.0,-1.0,-1.0,-1.0,-1.0,-1.0,-1.0,0.0,0.0
187,I441,0,20260827,-1.0,-1.0,-1.0,-1.0,0.223049,-1.0,-1.0,-1.0,-1.0,-1.0,-1.0,-1.0,-1.0,-1.0,1.0,0.0
187,I122,0,20260827,-1.0,-1.0,-1.0,-1.0,0.267447,-1.0,-1.0,-1.0,-1.0,-1.0,-1.0,-1.0,-1.0,-1.0,1.0,0.0
188,I212,0,20260827,-1.0,-1.0,-1.0,-1.0,0.31093,-1.0,-1.0,-1.0,-1.0,-1.0,-1.0,-1.0,-1.0,-1.0,1.0,0.0
188,I027,0,20260827,-1.0,-1.0,-1.0,-1.0,0.326337,-1.0,-1.0,-1.0,-1.0,-1.0,-1.0,-1.0,-1.0,-1.0,0.0,0.0
188,I381,4,20260827,-1.0,-1.0,-1.0,-1.0,0.785513,-1.0,-1.0,-1.0,-1.0,-1.0,-1.0,-1.0,-1.0,-1.0,0.0,0.0
188,I457,0,20260827,-1.0,-1.0,-1.0,-1.0,0.517767,-1.0,-1.0,-1.0,-1.0,-1.0,-1.0,-1.0,-1.0,-1.0,0.0,0.0
188,I360,,20260827,0.733898,0.117561,12.0,0.526874,0.52624,0.73043,25.272352,0.030978,5.0,5.0,1.0,1.0,0.505773,0.066775,0.0,0.0
188,I014,0,20260827,0.559886,0.491614,44.0,0.727598,0.206374,0.761843,53.627394,0.008319,6.0,6.0,3.0,6.0,0.473045,0.071344,1.0,0.0
188,I011,0,20260827,-1.0,-1.0,-1.0,-1.0,0.756623,-1.0,-1.0,-1.0,-1.0,-1.0,-1.0,-1.0,-1.0,-1.0,0.0,0.0
189,I528,0,20260827,-1.0,-1.0,-1.0,-1.0,0.590915,-1.0,-1.0,-1.0,-1.0,-1.0,-1.0,-1.0,-1.0,-1.0,0.0,0.0
189,I186,0,20260827,-1.0,-1.0,-1.0,-1.0,0.540005,-1.0,-1.0,-1.0,-1.0,-1.0,-1.0,-1.0,-1.0,-1.0,0.0,0.0
189,I420,0,20260827,-1.0,-1.0,-1.0,-1.0,0.539493,-1.0,-1.0,-1.0,-1.0,-1.0,-1.0,-1.0,-1.0,-1.0,1.0,0.0
189,I591,4,20260827,-1.0,-1.0,-1.0,-1.0,0.614387,-1.0,-1.0,-1.0,-1.0,-1.0,-1.0,-1.0,-1.0,-1.0,1.0,0.0
189,I563,0,20260827,-1.0,-1.0,-1.0,-1.0,0.569543,-1.0,-1.0,-1.0,-1.0,-1.0,-1.0,-1.0,-1.0,-1.0,1.0,1.0
189,I278,0,20260827,-1.0,-1.0,-1.0,-1.0,0.297287,-1.0,-1.0,-1.0,-1.0,-1.0,-1.0,-1.0,-1.0,-1.0,1.0,0.0
189,I443,0,20260827,0.321263,0.64783,13.0,0.293768,0.022718,0.918083,56.921232,0.138597,7.0,4.0,4.0,7.0,0.442174,0.064826,0.0,0.0
190,I316,4,20260827,-1.0,-1.0,-1.0,-1.0,0.801782,-1.0,-1.0,-1.0,-1.0,-1.0,-1.0,-1.0,-1.0,-1.0,1.0,0.0
190,I302,0,20260827,-1.0,-1.0,-1.0,-1.0,0.734774,-1.0,-1.0,-1.0,-1.0,-1.0,-1.0,-1.0,-1.0,-1.0,0.0,0.0
190,I562,,20260827,-1.0,-1.0,-1.0,-1.0,0.244289,-1.0,-1.0,-1.0,-1.0,-1.0,-1.0,-1.0,-1.0,-1.0,1.0,0.0
190,I143,0,20260827,-1.0,-1.0,-1.0,-1.0,0.634578,-1.0,-1.0,-1.0,-1.0,-1.0,-1.0,-1.0,-1.0,-1.0,0.0,0.0
190,I455,0,20260827,-1.0,-1.0,-1.0,-1.0,0.341855,-1.0,-1.0,-1.0,-1.0,-1.0,-1.0,-1.0,-1.0,-1.0,0.0,0.0
190,I431,0,20260827,0.372792,0.243562,15.0,0.797226,0.469664,0.891681,92.418146,0.014817,9.0,2.0,1.0,3.0,0.432069,0.075997,0.0,0.0
190,I678,0,20260827,0.25533,0.617954,31.0,0.323382,0.677507,0.868034,60.034331,0.166086,5.0,3.0,1.0,4.0,0.415345,0.072401,0.0,0.0
191,I257,0,20260827,-1.0,-1.0,-1.0,-1.0,0.051692,-1.0,-1.0,-1.0,-1.0,-1.0,-1.0,-1.0,-1.0,-1.0,0.0,0.0
191,I524,0,20260827,-1.0,-1.0,-1.0,-1.0,0.8894,-1.0,-1.0,-1.0,-1.0,-1.0,-1.0,-1.0,-1.0,-1.0,0.0,0.0
191,I660,10,20260827,-1.0,-1.0,-1.0,-1.0,0.308052,-1.0,-1.0,-1.0,-1.0,-1.0,-1.0,-1.0,-1.0,-1.0,1.0,0.0
191,I336,0,20260827,0.32385,0.54156,18.0,0.495445,0.501937,0.776166,88.530625,0.000779,4.0,4.0,5.0,4.0,0.429476,0.08083,1.0,0.0
191,I194,0,20260827,0.672655,0.655925,47.0,0.454998,0.73087,0.766629,29.893017,0.252479,3.0,3.0,4.0,1.0,0.489871,0.073333,1.0,0.0
191,I163,0,20260827,-1.0,-1.0,-1.0,-1.0,0.559545,-1.0,-1.0,-1.0,-1.0,-1.0,-1.0,-1.0,-1.0,-1.0,0.0,0.0
191,I420,0,20260827,-1.0,-1.0,-1.0,-1.0,0.493136,-1.0,-1.0,-1.0,-1.0,-1.0,-1.0,-1.0,-1.0,-1.0,0.0,0.0
192,I423,0,20260827,0.677355,0.377545,36.0,0.774977,0.209308,0.905318,108.498506,0.276586,8.0,2.0,3.0,7.0,0.488869,0.071901,1.0,0.0
192,I178,0,20260827,-1.0,-1.0,-1.0,-1.0,0.634583,-1.0,-1.0,-1.0,-1.0,-1.0,-1.0,-1.0,-1.0,-1.0,0.0,0.0
192,I389,1,20260827,-1.0,-1.0,-1.0,-1.0,0.918653,-1.0,-1.0,-1.0,-1.0,-1.0,-1.0,-1.0,-1.0,-1.0,1.0,0.0
192,I416,0,20260827,-1.0,-1.0,-1.0,-1.0,0.574041,-1.0,-1.0,-1.0,-1.0,-1.0,-1.0,-1.0,-1.0,-1.0,1.0,0.0
192,I675,0,20260827,-1.0,-1.0,-1.0,-1.0,0.487611,-1.0,-1.0,-1.0,-1.0,-1.0,-1.0,-1.0,-1.0,-1.0,1.0,1.0
192,I208,0,20260827,-1.0,-1.0,-1.0,-1.0,0.350091,-1.0,-1.0,-1.0,-1.0,-1.0,-1.0,-1.0,-1.0,-1.0,1.0,0.0
192,I211,0,20260827,0.685268,0.58976,30.0,0.587977,0.366935,0.627926,34.771449,0.076933,11.0,5.0,1.0,1.0,0.478891,0.080414,0.0,0.0
193,I155,0,20260827,0.701712,0.295262,21.0,0.726271,0.133598,0.710631,145.288371,0.225535,10.0,5.0,2.0,4.0,0.48082,0.070592,1.0,0.0
193,I150,0,20260827,0.672279,0.505707,79.0,0.680459,0.612831,0.622963,38.217477,0.124367,9.0,4.0,5.0,8.0,0.472632,0.070796,1.0,0.0
193,I586,0,20260827,-1.0,-1.0,-1.0,-1.0,0.465461,-1.0,-1.0,-1.0,-1.0,-1.0,-1.0,-1.0,-1.0,-1.0,1.0,0.0
193,I564,0,20260827,-1.0,-1.0,-1.0,-1.0,0.557183,-1.0,-1.0,-1.0,-1.0,-1.0,-1.0,-1.0,-1.0,-1.0,1.0,0.0
193,I679,0,20260827,-1.0,-1.0,-1.0,-1.0,0.287311,-1.0,-1.0,-1.0,-1.0,-1.0,-1.0,-1.0,-1.0,-1.0,0.0,0.0
193,I392,0,20260827,-1.0,-1.0,-1.0,-1.0,0.576791,-1.0,-1.0,-1.0,-1.0,-1.0,-1.0,-1.0,-1.0,-1.0,1.0,0.0
193,I298,3,20260827,0.373473,0.625356,51.0,0.639565,0.674868,0.610412,24.349965,0.748038,10.0,1.0,1.0,6.0,0.418933,0.071065,1.0,0.0
194,I486,0,20260827,-1.0,-1.0,-1.0,-1.0,0.172012,-1.0,-1.0,-1.0,-1.0,-1.0,-1.0,-1.0,-1.0,-1.0,0.0,0.0
194,I137,0,20260827,-1.0,-1.0,-1.0,-1.0,0.587739,-1.0,-1.0,-1.0,-1.0,-1.0,-1.0,-1.0,-1.0,-1.0,0.0,0.0
194,I621,1,20260827,-1.0,-1.0,-1.0,-1.0,0.559009,-1.0,-1.0,-1.0,-1.0,-1.0,-1.0,-1.0,-1.0,-1.0,1.0,0.0
194,I174,0,20260827,-1.0,-1.0,-1.0,-1.0,0.206573,-1.0,-1.0,-1.0,-1.0,-1.0,-1.0,-1.0,-1.0,-1.0,1.0,0.0
194,I328,0,20260827,-1.0,-1.0,-1.0,-1.0,0.591902,-1.0,-1.0,-1.0,-1.0,-1.0,-1.0,-1.0,-1.0,-1.0,0.0,0.0
194,I218,0,20260827,0.571112,0.613421,20.0,0.526514,0.161208,0.750206,31.064895,0.125075,9.0,4.0,4.0,8.0,0.452367,0.079444,1.0,0.0
194,I284,0,20260827,0.122373,0.669697,54.0,0.422756,0.622968,0.919955,61.161976,0.190954,7.0,1.0,3.0,6.0,0.40777,0.080695,0.0,0.0
195,I126,0,20260827,-1.0,-1.0,-1.0,-1.0,0.436392,-1.0,-1.0,-1.0,-1.0,-1.0,-1.0,-1.0,-1.0,-1.0,0.0,0.0
195,I449,1,20260827,-1.0,-1.0,-1.0,-1.0,0.786733,-1.0,-1.0,-1.0,-1.0,-1.0,-1.0,-1.0,-1.0,-1.0,1.0,0.0
195,I438,,20260827,-1.0,-1.0,-1.0,-1.0,0.902909,-1.0,-1.0,-1.0,-1.0,-1.0,-1.0,-1.0,-1.0,-1.0,1.0,0.0
195,I436,0,20260827,-1.0,-1.0,-1.0,-1.0,0.135547,-1.0,-1.0,-1.0,-1.0,-1.0,-1.0,-1.0,-1.0,-1.0,1.0,0.0
195,I317,0,20260827,-1.0,-1.0,-1.0,-1.0,0.634408,-1.0,-1.0,-1.0,-1.0,-1.0,-1.0,-1.0,-1.0,-1.0,1.0,0.0
195,I542,0,20260827,-1.0,-1.0,-1.0,-1.0,0.260293,-1.0,-1.0,-1.0,-1.0,-1.0,-1.0,-1.0,-1.0,-1.0,1.0,1.0
195,I608,0,20260827,-1.0,-1.0,-1.0,-1.0,0.26743,-1.0,-1.0,-1.0,-1.0,-1.0,-1.0,-1.0,-1.0,-1.0,0.0,0.0
196,I623,0,20260827,-1.0,-1.0,-1.0,-1.0,0.43821,-1.0,-1.0,-1.0,-1.0,-1.0,-1.0,-1.0,-1.0,-1.0,0.0,0.0
196,I333,0,20260827,0.585859,0.318798,78.0,0.967977,0.458004,0.962838,21.620382,0.110867,6.0,3.0,5.0,4.0,0.473002,0.070481,1.0,0.0
196,I163,0,20260827,-1.0,-1.0,-1.0,-1.0,0.441614,-1.0,-1.0,-1.0,-1.0,-1.0,-1.0,-1.0,-1.0,-1.0,0.0,0.0
196,I659,3,20260827,0.059185,0.224159,17.0,0.417003,0.731268,0.620554,74.096315,0.127642,9.0,2.0,1.0,3.0,0.387295,0.074087,1.0,0.0
196,I643,,20260827,-1.0,-1.0,-1.0,-1.0,0.281811,-1.0,-1.0,-1.0,-1.0,-1.0,-1.0,-1.0,-1.0,-1.0,0.0,0.0
196,I247,0,20260827,-1.0,-1.0,-1.0,-1.0,0.329776,-1.0,-1.0,-1.0,-1.0,-1.0,-1.0,-1.0,-1.0,-1.0,1.0,0.0
196,I314,0,20260827,0.272139,0.268041,34.0,0.814246,0.632697,0.841115,85.480573,0.182736,2.0,2.0,5.0,4.0,0.414404,0.07151,0.0,0.0
197,I194,0,20260828,0.672655,0.655925,47.0,0.454998,0.891209,0.766629,29.893017,0.252479,3.0,3.0,4.0,1.0,0.489871,0.073333,0.0,0.0
197,I691,0,20260828,-1.0,-1.0,-1.0,-1.0,0.43595,-1.0,-1.0,-1.0,-1.0,-1.0,-1.0,-1.0,-1.0,-1.0,1.0,1.0
197,I033,1,20260828,-1.0,-1.0,-1.0,-1.0,0.483963,-1.0,-1.0,-1.0,-1.0,-1.0,-1.0,-1.0,-1.0,-1.0,1.0,0.0
197,I181,0,20260828,-1.0,-1.0,-1.0,-1.0,0.490994,-1.0,-1.0,-1.0,-1.0,-1.0,-1.0,-1.0,-1.0,-1.0,0.0,0.0
197,I624,0,20260828,-1.0,-1.0,-1.0,-1.0,0.213678,-1.0,-1.0,-1.0,-1.0,-1.0,-1.0,-1.0,-1.0,-1.0,0.0,0.0
197,I116,0,20260828,-1.0,-1.0,-1.0,-1.0,0.424499,-1.0,-1.0,-1.0,-1.0,-1.0,-1.0,-1.0,-1.0,-1.0,0.0,0.0
197,I425,0,20260828,-1.0,-1.0,-1.0,-1.0,0.407379,-1.0,-1.0,-1.0,-1.0,-1.0,-1.0,-1.0,-1.0,-1.0,0.0,0.0
198,I176,0,20260828,0.474353,0.747473,13.0,0.432444,0.751257,0.767308,60.366483,0.257315,9.0,5.0,3.0,2.0,0.464497,0.069856,1.0,0.0
198,I521,0,20260828,-1.0,-1.0,-1.0,-1.0,0.501264,-1.0,-1.0,-1.0,-1.0,-1.0,-1.0,-1.0,-1.0,-1.0,1.0,0.0
198,I497,0,20260828,0.272621,0.780353,76.0,0.673934,0.49763,0.960576,79.063552,0.40928,2.0,2.0,4.0,2.0,0.407516,0.065203,1.0,0.0
198,I667,1,20260828,-1.0,-1.0,-1.0,-1.0,0.832118,-1.0,-1.0,-1.0,-1.0,-1.0,-1.0,-1.0,-1.0,-1.0,1.0,0.0
198,I050,0,20260828,-1.0,-1.0,-1.0,-1.0,0.302698,-1.0,-1.0,-1.0,-1.0,-1.0,-1.0,-1.0,-1.0,-1.0,1.0,0.0
198,I400,0,20260828,0.537709,0.178555,30.0,0.760158,0.699645,0.81781,21.863733,0.196629,6.0,4.0,5.0,7.0,0.445348,0.070972,0.0,0.0
198,I353,0,20260828,0.3315,0.155538,78.0,0.553314,0.329061,0.935257,134.492393,0.212147,2.0,2.0,1.0,4.0,0.411089,0.079323,0.0,0.0
199,I538,0,20260828,0.768093,0.156472,52.0,0.377934,0.332815,0.803353,17.503082,0.02525,2.0,1.0,1.0,7.0,0.513972,0.079045,1.0,0.0
199,I346,0,20260828,-1.0,-1.0,-1.0,-1.0,0.620995,-1.0,-1.0,-1.0,-1.0,-1.0,-1.0,-1.0,-1.0,-1.0,0.0,0.0
199,I584,0,20260828,0.212034,0.683625,54.0,0.348002,0.414278,0.821534,87.659875,0.088412,4.0,3.0,5.0,8.0,0.394669,0.075011,0.0,0.0
199,I277,0,20260828,-1.0,-1.0,-1.0,-1.0,0.667486,-1.0,-1.0,-1.0,-1.0,-1.0,-1.0,-1.0,-1.0,-1.0,1.0,0.0
199,I301,0,20260828,-1.0,-1.0,-1.0,-1.0,0.58837,-1.0,-1.0,-1.0,-1.0,-1.0,-1.0,-1.0,-1.0,-1.0,0.0,0.0
199,I589,3,20260828,-1.0,-1.0,-1.0,-1.0,0.75475,-1.0,-1.0,-1.0,-1.0,-1.0,-1.0,-1.0,-1.0,-1.0,1.0,0.0
199,I429,0,20260828,-1.0,-1.0,-1.0,-1.0,0.653774,-1.0,-1.0,-1.0,-1.0,-1.0,-1.0,-1.0,-1.0,-1.0,1.0,1.0
200,I525,3,20260828,0.23549,0.561005,11.0,0.863537,0.350872,0.733328,73.300137,0.477391,4.0,3.0,3.0,8.0,0.395461,0.080012,0.0,0.0
200,I441,0,20260828,-1.0,-1.0,-1.0,-1.0,0.378138,-1.0,-1.0,-1.0,-1.0,-1.0,-1.0,-1.0,-1.0,-1.0,0.0,0.0
200,I555,0,20260828,0.691295,0.913725,17.0,0.739292,0.421994,0.861488,24.871148,0.448424,6.0,5.0,2.0,3.0,0.473774,0.074236,1.0,0.0
200,I190,0,20260828,-1.0,-1.0,-1.0,-1.0,0.044501,-1.0,-1.0,-1.0,-1.0,-1.0,-1.0,-1.0,-1.0,-1.0,1.0,1.0
200,I539,0,20260828,0.107933,0.811151,66.0,0.593617,0.52522,0.796497,30.994087,0.64173,11.0,4.0,1.0,7.0,0.413845,0.080873,0.0,0.0
200,I113,0,20260828,-1.0,-1.0,-1.0,-1.0,0.272037,-1.0,-1.0,-1.0,-1.0,-1.0,-1.0,-1.0,-1.0,-1.0,1.0,0.0
200,I511,0,20260828,0.527609,0.468314,36.0,0.635666,0.719375,0.814599,41.738714,0.698559,9.0,6.0,3.0,6.0,0.447038,0.072756,0.0,1.0
201,I654,0,20260828,0.758917,0.338097,75.0,0.192659,0.379302,0.73034,148.293286,0.345383,4.0,3.0,1.0,2.0,0.491824,0.070839,1.0,0.0
201,I300,1,20260828,0.298633,0.458603,53.0,0.460951,0.654791,0.864026,12.065376,0.175981,8.0,1.0,2.0,7.0,0.44451,0.076188,1.0,0.0
201,I049,0,20260828,-1.0,-1.0,-1.0,-1.0,0.269911,-1.0,-1.0,-1.0,-1.0,-1.0,-1.0,-1.0,-1.0,-1.0,0.0,0.0
201,I546,0,20260828,0.638822,0.817844,49.0,0.35451,0.440003,0.411108,53.802621,0.648026,11.0,5.0,1.0,2.0,0.466427,0.080093,0.0,0.0
201,I481,0,20260828,-1.0,-1.0,-1.0,-1.0,0.446692,-1.0,-1.0,-1.0,-1.0,-1.0,-1.0,-1.0,-1.0,-1.0,1.0,0.0
201,I244,0,20260828,-1.0,-1.0,-1.0,-1.0,0.198202,-1.0,-1.0,-1.0,-1.0,-1.0,-1.0,-1.0,-1.0,-1.0,1.0,0.0
201,I622,0,20260828,-1.0,-1.0,-1.0,-1.0,0.731045,-1.0,-1.0,-1.0,-1.0,-1.0,-1.0,-1.0,-1.0,-1.0,1.0,0.0
202,I686,0,20260828,0.684116,0.443476,61.0,0.694087,0.568056,0.500576,110.573314,0.253475,2.0,2.0,4.0,1.0,0.488328,0.068497,1.0,0.0
202,I280,4,20260828,-1.0,-1.0,-1.0,-1.0,0.595341,-1.0,-1.0,-1.0,-1.0,-1.0,-1.0,-1.0,-1.0,-1.0,1.0,0.0
202,I020,0,20260828,-1.0,-1.0,-1.0,-1.0,0.943521,-1.0,-1.0,-1.0,-1.0,-1.0,-1.0,-1.0,-1.0,-1.0,0.0,0.0
202,I441,0,20260828,-1.0,-1.0,-1.0,-1.0,0.448635,-1.0,-1.0,-1.0,-1.0,-1.0,-1.0,-1.0,-1.0,-1.0,0.0,0.0
202,I361,0,20260828,-1.0,-1.0,-1.0,-1.0,0.393236,-1.0,-1.0,-1.0,-1.0,-1.0,-1.0,-1.0,-1.0,-1.0,0.0,0.0
202,I212,0,20260828,-1.0,-1.0,-1.0,-1.0,0.192223,-1.0,-1.0,-1.0,-1.0,-1.0,-1.0,-1.0,-1.0,-1.0,0.0,0.0
202,I618,0,20260828,-1.0,-1.0,-1.0,-1.0,0.365509,-1.0,-1.0,-1.0,-1.0,-1.0,-1.0,-1.0,-1.0,-1.0,1.0,0.0
203,I273,,20260828,0.475304,0.344062,39.0,0.263524,0.086244,0.908449,14.824688,0.330224,1.0,1.0,5.0,6.0,0.450354,0.078432,1.0,1.0
203,I169,0,20260828,0.308862,0.866018,24.0,0.541607,0.54109,0.713876,69.669676,0.302694,8.0,3.0,5.0,7.0,0.441702,0.081555,0.0,0.0
203,I108,0,20260828,-1.0,-1.0,-1.0,-1.0,0.424634,-1.0,-1.0,-1.0,-1.0,-1.0,-1.0,-1.0,-1.0,-1.0,1.0,0.0
203,I577,0,20260828,-1.0,-1.0,-1.0,-1.0,0.58912,-1.0,-1.0,-1.0,-1.0,-1.0,-1.0,-1.0,-1.0,-1.0,0.0,0.0
203,I254,4,20260828,-1.0,-1.0,-1.0,-1.0,0.889233,-1.0,-1.0,-1.0,-1.0,-1.0,-1.0,-1.0,-1.0,-1.0,1.0,0.0
203,I096,0,20260828,-1.0,-1.0,-1.0,-1.0,0.143431,-1.0,-1.0,-1.0,-1.0,-1.0,-1.0,-1.0,-1.0,-1.0,0.0,0.0
203,I692,0,20260828,-1.0,-1.0,-1.0,-1.0,0.25375,-1.0,-1.0,-1.0,-1.0,-1.0,-1.0,-1.0,-1.0,-1.0,1.0,0.0
204,I661,0,20260828,-1.0,-1.0,-1.0,-1.0,0.737708,-1.0,-1.0,-1.0,-1.0,-1.0,-1.0,-1.0,-1.0,-1.0,0.0,0.0
204,I209,0,20260828,0.808028,0.624882,74.0,0.418077,0.443858,0.758944,37.808159,0.010864,10.0,3.0,2.0,6.0,0.492554,0.069276,1.0,0.0
204,I513,0,20260828,-1.0,-1.0,-1.0,-1.0,0.46334,-1.0,-1.0,-1.0,-1.0,-1.0,-1.0,-1.0,-1.0,-1.0,0.0,1.0
204,I180,0,20260828,0.433473,0.851439,52.0,0.483537,0.582263,0.685503,57.586314,0.085881,2.0,2.0,3.0,2.0,0.43905,0.065871,0.0,0.0
204,I654,0,20260828,0.758917,0.338097,75.0,0.192659,0.399236,0.73034,148.293286,0.345383,4.0,3.0,1.0,2.0,0.491824,0.070839,0.0,0.0
204,I652,0,20260828,-1.0,-1.0,-1.0,-1.0,0.485236,-1.0,-1.0,-1.0,-1.0,-1.0,-1.0,-1.0,-1.0,-1.0,0.0,0.0
204,I293,1,20260828,-1.0,-1.0,-1.0,-1.0,0.747067,-1.0,-1.0,-1.0,-1.0,-1.0,-1.0,-1.0,-1.0,-1.0,1.0,0.0
205,I265,0,20260828,-1.0,-1.0,-1.0,-1.0,0.562332,-1.0,-1.0,-1.0,-1.0,-1.0,-1.0,-1.0,-1.0,-1.0,0.0,0.0
205,I048,1,20260828,-1.0,-1.0,-1.0,-1.0,0.403771,-1.0,-1.0,-1.0,-1.0,-1.0,-1.0,-1.0,-1.0,-1.0,1.0,0.0
205,I448,0,20260828,-1.0,-1.0,-1.0,-1.0,0.188647,-1.0,-1.0,-1.0,-1.0,-1.0,-1.0,-1.0,-1.0,-1.0,0.0,0.0
205,I201,0,20260828,-1.0,-1.0,-1.0,-1.0,0.670511,-1.0,-1.0,-1.0,-1.0,-1.0,-1.0,-1.0,-1.0,-1.0,0.0,0.0
205,I340,0,20260828,-1.0,-1.0,-1.0,-1.0,0.563522,-1.0,-1.0,-1.0,-1.0,-1.0,-1.0,-1.0,-1.0,-1.0,0.0,0.0
205,I490,0,20260828,-1.0,-1.0,-1.0,-1.0,0.317477,-1.0,-1.0,-1.0,-1.0,-1.0,-1.0,-1.0,-1.0,-1.0,0.0,1.0
205,I699,0,20260828,0.383919,0.779896,56.0,0.211674,0.512681,0.713636,42.156274,0.159609,11.0,3.0,5.0,2.0,0.419406,0.076803,0.0,1.0
206,I570,0,20260828,0.120091,0.435759,35.0,0.698735,0.131092,0.920639,52.396208,0.102751,5.0,5.0,3.0,6.0,0.408346,0.069032,1.0,0.0
206,I403,1,20260828,0.802089,0.165898,34.0,0.462059,0.785245,0.798512,53.051478,0.209144,6.0,5.0,1.0,3.0,0.480924,0.076968,1.0,0.0
206,I546,0,20260828,0.638822,0.817844,49.0,0.35451,0.552766,0.411108,53.802621,0.648026,11.0,5.0,1.0,2.0,0.466427,0.080093,0.0,0.0
206,I268,0,20260828,-1.0,-1.0,-1.0,-1.0,0.323304,-1.0,-1.0,-1.0,-1.0,-1.0,-1.0,-1.0,-1.0,-1.0,1.0,0.0
206,I135,0,20260828,-1.0,-1.0,-1.0,-1.0,0.519922,-1.0,-1.0,-1.0,-1.0,-1.0,-1.0,-1.0,-1.0,-1.0,0.0,0.0
206,I073,0,20260828,0.473515,0.70501,58.0,0.521828,0.400144,0.92591,84.901102,0.562185,7.0,6.0,4.0,5.0,0.431981,0.068035,0.0,0.0
206,I197,,20260828,0.925407,0.308839,31.0,0.746499,0.449786,0.548793,40.158226,0.094653,6.0,1.0,3.0,5.0,0.505752,0.077598,0.0,0.0
207,I265,3,20260828,-1.0,-1.0,-1.0,-1.0,0.055909,-1.0,-1.0,-1.0,-1.0,-1.0,-1.0,-1.0,-1.0,-1.0,1.0,0.0
207,I421,0,20260828,-1.0,-1.0,-1.0,-1.0,0.393799,-1.0,-1.0,-1.0,-1.0,-1.0,-1.0,-1.0,-1.0,-1.0,0.0,0.0
207,I427,0,20260828,-1.0,-1.0,-1.0,-1.0,0.468353,-1.0,-1.0,-1.0,-1.0,-1.0,-1.0,-1.0,-1.0,-1.0,1.0,0.0
207,I567,0,20260828,-1.0,-1.0,-1.0,-1.0,0.46321,-1.0,-1.0,-1.0,-1.0,-1.0,-1.0,-1.0,-1.0,-1.0,1.0,0.0
207,I181,0,20260828,-1.0,-1.0,-1.0,-1.0,0.516597,-1.0,-1.0,-1.0,-1.0,-1.0,-1.0,-1.0,-1.0,-1.0,1.0,0.0
207,I650,0,20260828,-1.0,-1.0,-1.0,-1.0,0.508302,-1.0,-1.0,-1.0,-1.0,-1.0,-1.0,-1.0,-1.0,-1.0,0.0,0.0
207,I143,0,20260828,-1.0,-1.0,-1.0,-1.0,0.224107,-1.0,-1.0,-1.0,-1.0,-1.0,-1.0,-1.0,-1.0,-1.0,1.0,0.0
208,I670,0,20260828,0.812436,0.824451,21.0,0.440512,0.076486,0.734374,57.309355,0.223638,6.0,2.0,1.0,7.0,0.497119,0.074099,1.0,0.0
208,I037,0,20260828,0.326168,0.549988,23.0,0.422814,0.111964,0.968253,100.575159,0.092828,11.0,7.0,3.0,2.0,0.429336,0.078198,1.0,0.0
208,I138,1,20260828,-1.0,-1.0,-1.0,-1.0,0.581984,-1.0,-1.0,-1.0,-1.0,-1.0,-1.0,-1.0,-1.0,-1.0,1.0,0.0
208,I582,0,20260828,-1.0,-1.0,-1.0,-1.0,0.66275,-1.0,-1.0,-1.0,-1.0,-1.0,-1.0,-1.0,-1.0,-1.0,1.0,0.0
208,I635,0,20260828,0.332274,0.28447,52.0,0.789166,0.640239,0.745564,101.816176,0.309705,6.0,5.0,3.0,7.0,0.438412,0.067973,0.0,0.0
208,I070,0,20260828,-1.0,-1.0,-1.0,-1.0,0.85825,-1.0,-1.0,-1.0,-1.0,-1.0,-1.0,-1.0,-1.0,-1.0,1.0,0.0
208,I075,0,20260828,-1.0,-1.0,-1.0,-1.0,0.416525,-1.0,-1.0,-1.0,-1.0,-1.0,-1.0,-1.0,-1.0,-1.0,0.0,0.0
209,I681,,20260828,-1.0,-1.0,-1.0,-1.0,0.137905,-1.0,-1.0,-1.0,-1.0,-1.0,-1.0,-1.0,-1.0,-1.0,0.0,0.0
209,I548,0,20260828,0.178026,0.299394,71.0,0.79034,0.109242,0.733248,107.523471,0.025634,6.0,3.0,3.0,4.0,0.403269,0.077124,1.0,0.0
209,I606,0,20260828,-1.0,-1.0,-1.0,-1.0,0.881911,-1.0,-1.0,-1.0,-1.0,-1.0,-1.0,-1.0,-1.0,-1.0,1.0,1.0
209,I232,0,20260828,0.145623,0.746535,35.0,0.638089,0.369342,0.905025,33.10619,0.517335,4.0,4.0,5.0,7.0,0.418279,0.08091,1.0,0.0
209,I595,1,20260828,0.336377,0.471143,11.0,0.884733,0.556756,0.911234,26.578839,0.095244,5.0,4.0,4.0,1.0,0.417423,0.0661,1.0,1.0
209,I588,0,20260828,-1.0,-1.0,-1.0,-1.0,0.856974,-1.0,-1.0,-1.0,-1.0,-1.0,-1.0,-1.0,-1.0,-1.0,1.0,1.0
209,I186,,20260828,-1.0,-1.0,-1.0,-1.0,0.473043,-1.0,-1.0,-1.0,-1.0,-1.0,-1.0,-1.0,-1.0,-1.0,0.0,0.0
210,I618,0,20260828,-1.0,-1.0,-1.0,-1.0,0.476291,-1.0,-1.0,-1.0,-1.0,-1.0,-1.0,-1.0,-1.0,-1.0,1.0,0.0
210,I067,0,20260828,-1.0,-1.0,-1.0,-1.0,0.126215,-1.0,-1.0,-1.0,-1.0,-1.0,-1.0,-1.0,-1.0,-1.0,0.0,0.0
210,I048,0,20260828,-1.0,-1.0,-1.0,-1.0,0.251131,-1.0,-1.0,-1.0,-1.0,-1.0,-1.0,-1.0,-1.0,-1.0,0.0,0.0
210,I692,3,20260828,-1.0,-1.0,-1.0,-1.0,0.429672,-1.0,-1.0,-1.0,-1.0,-1.0,-1.0,-1.0,-1.0,-1.0,1.0,1.0
210,I223,0,20260828,-1.0,-1.0,-1.0,-1.0,0.580362,-1.0,-1.0,-1.0,-1.0,-1.0,-1.0,-1.0,-1.0,-1.0,0.0,0.0
210,I305,0,20260828,0.400355,0.695676,66.0,0.841426,0.143216,0.759496,43.01201,0.23609,6.0,6.0,4.0,2.0,0.441,0.076057,0.0,0.0
210,I527,0,20260828,-1.0,-1.0,-1.0,-1.0,0.064032,-1.0,-1.0,-1.0,-1.0,-1.0,-1.0,-1.0,-1.0,-1.0,0.0,0.0
211,I098,0,20260829,0.746479,0.321933,39.0,0.537951,0.815553,0.677138,77.456024,0.308004,5.0,5.0,3.0,8.0,0.505407,0.065452,0.0,0.0
211,I373,0,20260829,0.116168,0.18674,9.0,0.233856,0.332788,0.706415,3.585664,0.386338,9.0,6.0,2.0,8.0,0.396272,0.083851,1.0,0.0
211,I094,0,20260829,0.754832,0.482792,61.0,0.460265,0.361049,0.7056,126.807527,0.568917,7.0,6.0,2.0,3.0,0.489847,0.073802,0.0,0.0
211,I092,3,20260829,-1.0,-1.0,-1.0,-1.0,0.213135,-1.0,-1.0,-1.0,-1.0,-1.0,-1.0,-1.0,-1.0,-1.0,1.0,0.0
211,I042,0,20260829,-1.0,-1.0,-1.0,-1.0,0.401525,-1.0,-1.0,-1.0,-1.0,-1.0,-1.0,-1.0,-1.0,-1.0,0.0,0.0
211,I656,0,20260829,-1.0,-1.0,-1.0,-1.0,0.584962,-1.0,-1.0,-1.0,-1.0,-1.0,-1.0,-1.0,-1.0,-1.0,0.0,0.0
211,I379,0,20260829,0.797061,0.799543,24.0,0.803216,0.383153,0.850028,98.280227,0.178413,5.0,3.0,4.0,4.0,0.480229,0.077962,0.0,0.0
212,I579,4,20260829,-1.0,-1.0,-1.0,-1.0,0.452023,-1.0,-1.0,-1.0,-1.0,-1.0,-1.0,-1.0,-1.0,-1.0,0.0,1.0
212,I137,0,20260829,-1.0,-1.0,-1.0,-1.0,0.0949,-1.0,-1.0,-1.0,-1.0,-1.0,-1.0,-1.0,-1.0,-1.0,0.0,0.0
212,I313,0,20260829,-1.0,-1.0,-1.0,-1.0,0.321268,-1.0,-1.0,-1.0,-1.0,-1.0,-1.0,-1.0,-1.0,-1.0,0.0,0.0
212,I108,0,20260829,-1.0,-1.0,-1.0,-1.0,0.510877,-1.0,-1.0,-1.0,-1.0,-1.0,-1.0,-1.0,-1.0,-1.0,1.0,0.0
212,I315,0,20260829,0.663988,0.486993,73.0,0.391282,0.69207,0.847165,14.860517,0.116117,11.0,2.0,5.0,7.0,0.460644,0.070467,1.0,0.0
212,I244,0,20260829,-1.0,-1.0,-1.0,-1.0,0.429643,-1.0,-1.0,-1.0,-1.0,-1.0,-1.0,-1.0,-1.0,-1.0,1.0,0.0
212,I671,0,20260829,0.69901,0.547492,61.0,0.567861,0.574926,0.686175,4.051318,0.074509,8.0,5.0,3.0,1.0,0.496852,0.064156,0.0,0.0
213,I296,0,20260829,0.21582,0.469964,21.0,0.61653,0.330953,0.905389,34.74725,0.400685,8.0,2.0,4.0,3.0,0.428001,0.080973,0.0,1.0
213,I331,1,20260829,-1.0,-1.0,-1.0,-1.0,0.927316,-1.0,-1.0,-1.0,-1.0,-1.0,-1.0,-1.0,-1.0,-1.0,1.0,0.0
213,I058,0,20260829,-1.0,-1.0,-1.0,-1.0,0.607726,-1.0,-1.0,-1.0,-1.0,-1.0,-1.0,-1.0,-1.0,-1.0,1.0,0.0
213,I206,0,20260829,-1.0,-1.0,-1.0,-1.0,0.12474,-1.0,-1.0,-1.0,-1.0,-1.0,-1.0,-1.0,-1.0,-1.0,0.0,0.0
213,I332,0,20260829,-1.0,-1.0,-1.0,-1.0,0.395804,-1.0,-1.0,-1.0,-1.0,-1.0,-1.0,-1.0,-1.0,-1.0,1.0,0.0
213,I519,0,20260829,0.413558,0.488426,33.0,0.603482,0.454093,0.947564,114.72311,0.136177,4.0,4.0,4.0,8.0,0.450362,0.06666,0.0,0.0
213,I545,0,20260829,0.378091,0.618705,72.0,0.464827,0.590656,0.602446,59.152104,0.018393,10.0,5.0,1.0,4.0,0.428831,0.06886,0.0,1.0
214,I009,0,20260829,-1.0,-1.0,-1.0,-1.0,0.456199,-1.0,-1.0,-1.0,-1.0,-1.0,-1.0,-1.0,-1.0,-1.0,0.0,0.0
214,I447,0,20260829,0.046236,0.367432,16.0,0.695621,0.705107,0.877523,34.185644,0.065884,7.0,7.0,4.0,6.0,0.374447,0.065137,0.0,0.0
214,I104,0,20260829,0.46626,0.870145,61.0,0.924691,0.332262,0.962875,19.804833,0.021846,9.0,7.0,3.0,7.0,0.433219,0.082924,1.0,0.0
214,I434,0,20260829,0.218668,0.579189,42.0,0.4323,0.752042,0.872204,60.51811,0.110487,7.0,1.0,3.0,7.0,0.415643,0.072986,1.0,0.0
214,I649,0,20260829,-1.0,-1.0,-1.0,-1.0,0.717953,-1.0,-1.0,-1.0,-1.0,-1.0,-1.0,-1.0,-1.0,-1.0,0.0,0.0
214,I167,4,20260829,0.275421,0.500961,17.0,0.62736,0.735908,0.769264,110.092511,0.134238,2.0,2.0,1.0,4.0,0.436847,0.065408,1.0,0.0
214,I079,0,20260829,-1.0,-1.0,-1.0,-1.0,0.090591,-1.0,-1.0,-1.0,-1.0,-1.0,-1.0,-1.0,-1.0,-1.0,0.0,0.0
215,I075,0,20260829,-1.0,-1.0,-1.0,-1.0,0.337145,-1.0,-1.0,-1.0,-1.0,-1.0,-1.0,-1.0,-1.0,-1.0,1.0,0.0
215,I144,0,20260829,-1.0,-1.0,-1.0,-1.0,0.317726,-1.0,-1.0,-1.0,-1.0,-1.0,-1.0,-1.0,-1.0,-1.0,0.0,0.0
215,I215,0,20260829,0.300831,0.551151,15.0,0.365362,0.417961,0.802991,31.761392,0.199503,4.0,4.0,4.0,6.0,0.441853,0.067822,1.0,0.0
215,I086,0,20260829,-1.0,-1.0,-1.0,-1.0,0.390276,-1.0,-1.0,-1.0,-1.0,-1.0,-1.0,-1.0,-1.0,-1.0,1.0,0.0
215,I407,0,20260829,0.151373,0.587949,13.0,0.261134,0.19747,0.791941,51.865872,0.514849,10.0,5.0,5.0,7.0,0.420351,0.069683,1.0,1.0
215,I380,0,20260829,-1.0,-1.0,-1.0,-1.0,0.079275,-1.0,-1.0,-1.0,-1.0,-1.0,-1.0,-1.0,-1.0,-1.0,0.0,0.0
215,I065,3,20260829,-1.0,-1.0,-1.0,-1.0,0.471007,-1.0,-1.0,-1.0,-1.0,-1.0,-1.0,-1.0,-1.0,-1.0,1.0,0.0
216,I628,0,20260829,-1.0,-1.0,-1.0,-1.0,0.548311,-1.0,-1.0,-1.0,-1.0,-1.0,-1.0,-1.0,-1.0,-1.0,1.0,1.0
216,I560,0,20260829,-1.0,-1.0,-1.0,-1.0,0.555019,-1.0,-1.0,-1.0,-1.0,-1.0,-1.0,-1.0,-1.0,-1.0,0.0,0.0
216,I510,10,20260829,-1.0,-1.0,-1.0,-1.0,0.55175,-1.0,-1.0,-1.0,-1.0,-1.0,-1.0,-1.0,-1.0,-1.0,1.0,0.0
216,I441,0,20260829,-1.0,-1.0,-1.0,-1.0,0.059243,-1.0,-1.0,-1.0,-1.0,-1.0,-1.0,-1.0,-1.0,-1.0,0.0,0.0
216,I339,0,20260829,-1.0,-1.0,-1.0,-1.0,0.606774,-1.0,-1.0,-1.0,-1.0,-1.0,-1.0,-1.0,-1.0,-1.0,0.0,0.0
216,I006,0,20260829,0.507172,0.562058,52.0,0.329877,0.562233,0.787854,30.238196,0.01783,8.0,3.0,4.0,1.0,0.473001,0.077199,0.0,0.0
216,I484,0,20260829,-1.0,-1.0,-1.0,-1.0,0.472649,-1.0,-1.0,-1.0,-1.0,-1.0,-1.0,-1.0,-1.0,-1.0,1.0,0.0
217,I142,0,20260829,-1.0,-1.0,-1.0,-1.0,0.370559,-1.0,-1.0,-1.0,-1.0,-1.0,-1.0,-1.0,-1.0,-1.0,1.0,0.0
217,I005,0,20260829,0.811193,0.444484,54.0,0.685679,0.382605,0.892345,28.782595,0.254558,1.0,1.0,5.0,5.0,0.490984,0.067166,0.0,0.0
217,I612,0,20260829,0.759645,0.568331,57.0,0.689304,0.043185,0.972391,51.347051,0.227353,9.0,6.0,5.0,1.0,0.474533,0.076521,0.0,0.0
217,I415,0,20260829,-1.0,-1.0,-1.0,-1.0,0.604577,-1.0,-1.0,-1.0,-1.0,-1.0,-1.0,-1.0,-1.0,-1.0,1.0,0.0
217,I180,0,20260829,0.433473,0.851439,52.0,0.483537,0.165675,0.685503,57.586314,0.085881,2.0,2.0,3.0,2.0,0.43905,0.065871,0.0,0.0
217,I641,0,20260829,0.247189,0.699588,35.0,0.389807,0.269421,0.95803,16.894888,0.060793,10.0,4.0,4.0,8.0,0.415495,0.08158,0.0,0.0
217,I659,10,20260829,0.059185,0.224159,17.0,0.417003,0.828502,0.620554,74.096315,0.127642,9.0,2.0,1.0,3.0,0.387295,0.074087,1.0,0.0
218,I268,0,20260829,-1.0,-1.0,-1.0,-1.0,0.682296,-1.0,-1.0,-1.0,-1.0,-1.0,-1.0,-1.0,-1.0,-1.0,0.0,0.0
218,I430,0,20260829,0.225843,0.77565,62.0,0.185424,0.581796,0.909693,56.643324,0.688799,11.0,7.0,2.0,1.0,0.419217,0.075763,0.0,1.0
218,I577,0,20260829,-1.0,-1.0,-1.0,-1.0,0.544208,-1.0,-1.0,-1.0,-1.0,-1.0,-1.0,-1.0,-1.0,-1.0,0.0,0.0
218,I130,0,20260829,0.480972,0.431213,77.0,0.768711,0.502102,0.853069,125.964346,0.090536,2.0,2.0,3.0,5.0,0.457608,0.070447,1.0,0.0
218,I394,0,20260829,0.352661,0.603033,12.0,0.372722,0.497128,0.86335,81.193873,0.097397,2.0,2.0,3.0,5.0,0.439313,0.07084,0.0,0.0
218,I352,,20260829,0.241232,0.585207,28.0,0.68247,0.22693,0.961787,6.943185,0.009648,10.0,4.0,3.0,2.0,0.39909,0.079545,1.0,0.0
218,I262,4,20260829,-1.0,-1.0,-1.0,-1.0,0.622938,-1.0,-1.0,-1.0,-1.0,-1.0,-1.0,-1.0,-1.0,-1.0,1.0,0.0
219,I008,0,20260829,-1.0,-1.0,-1.0,-1.0,0.433248,-1.0,-1.0,-1.0,-1.0,-1.0,-1.0,-1.0,-1.0,-1.0,0.0,0.0
219,I175,0,20260829,0.526273,0.206979,32.0,0.751864,0.573511,0.857678,34.263101,0.144351,3.0,3.0,4.0,5.0,0.443074,0.073264,1.0,0.0
219,I549,0,20260829,-1.0,-1.0,-1.0,-1.0,0.48868,-1.0,-1.0,-1.0,-1.0,-1.0,-1.0,-1.0,-1.0,-1.0,0.0,0.0
219,I482,0,20260829,0.355577,0.59815,61.0,0.05183,0.249622,0.927877,162.123218,0.118848,9.0,6.0,1.0,3.0,0.418964,0.067714,1.0,0.0
219,I391,,20260829,-1.0,-1.0,-1.0,-1.0,0.531186,-1.0,-1.0,-1.0,-1.0,-1.0,-1.0,-1.0,-1.0,-1.0,1.0,0.0
219,I122,0,20260829,-1.0,-1.0,-1.0,-1.0,0.558284,-1.0,-1.0,-1.0,-1.0,-1.0,-1.0,-1.0,-1.0,-1.0,1.0,0.0
219,I017,4,20260829,-1.0,-1.0,-1.0,-1.0,0.371443,-1.0,-1.0,-1.0,-1.0,-1.0,-1.0,-1.0,-1.0,-1.0,1.0,0.0
220,I391,0,20260829,-1.0,-1.0,-1.0,-1.0,0.524284,-1.0,-1.0,-1.0,-1.0,-1.0,-1.0,-1.0,-1.0,-1.0,0.0,0.0
220,I277,0,20260829,-1.0,-1.0,-1.0,-1.0,0.857543,-1.0,-1.0,-1.0,-1.0,-1.0,-1.0,-1.0,-1.0,-1.0,0.0,0.0
220,I621,0,20260829,-1.0,-1.0,-1.0,-1.0,0.598975,-1.0,-1.0,-1.0,-1.0,-1.0,-1.0,-1.0,-1.0,-1.0,0.0,0.0
220,I572,0,20260829,-1.0,-1.0,-1.0,-1.0,0.485525,-1.0,-1.0,-1.0,-1.0,-1.0,-1.0,-1.0,-1.0,-1.0,0.0,0.0
220,I362,0,20260829,0.38651,0.280905,71.0,0.742742,0.530562,0.830304,57.556819,0.170777,6.0,2.0,2.0,1.0,0.424204,0.072202,1.0,0.0
220,I114,0,20260829,-1.0,-1.0,-1.0,-1.0,0.768666,-1.0,-1.0,-1.0,-1.0,-1.0,-1.0,-1.0,-1.0,-1.0,1.0,0.0
220,I615,3,20260829,-1.0,-1.0,-1.0,-1.0,0.392548,-1.0,-1.0,-1.0,-1.0,-1.0,-1.0,-1.0,-1.0,-1.0,1.0,0.0
221,I022,1,20260829,0.731409,0.755139,76.0,0.595477,0.707978,0.853381,234.492341,0.370277,6.0,5.0,2.0,2.0,0.4727,0.064758,1.0,0.0
221,I605,0,20260829,-1.0,-1.0,-1.0,-1.0,0.244412,-1.0,-1.0,-1.0,-1.0,-1.0,-1.0,-1.0,-1.0,-1.0,1.0,0.0
221,I611,0,20260829,-1.0,-1.0,-1.0,-1.0,0.510464,-1.0,-1.0,-1.0,-1.0,-1.0,-1.0,-1.0,-1.0,-1.0,0.0,0.0
221,I278,0,20260829,-1.0,-1.0,-1.0,-1.0,0.372098,-1.0,-1.0,-1.0,-1.0,-1.0,-1.0,-1.0,-1.0,-1.0,0.0,1.0
221,I038,0,20260829,-1.0,-1.0,-1.0,-1.0,0.638573,-1.0,-1.0,-1.0,-1.0,-1.0,-1.0,-1.0,-1.0,-1.0,0.0,1.0
221,I630,0,20260829,0.547395,0.432648,77.0,0.539504,0.198225,0.758188,17.39872,0.351567,7.0,6.0,1.0,1.0,0.446832,0.072346,1.0,0.0
221,I577,0,20260829,-1.0,-1.0,-1.0,-1.0,0.72186,-1.0,-1.0,-1.0,-1.0,-1.0,-1.0,-1.0,-1.0,-1.0,0.0,0.0
222,I196,0,20260829,-1.0,-1.0,-1.0,-1.0,0.245003,-1.0,-1.0,-1.0,-1.0,-1.0,-1.0,-1.0,-1.0,-1.0,1.0,0.0
222,I534,0,20260829,-1.0,-1.0,-1.0,-1.0,0.225555,-1.0,-1.0,-1.0,-1.0,-1.0,-1.0,-1.0,-1.0,-1.0,0.0,0.0
222,I574,0,20260829,-1.0,-1.0,-1.0,-1.0,0.310158,-1.0,-1.0,-1.0,-1.0,-1.0,-1.0,-1.0,-1.0,-1.0,0.0,0.0
222,I248,0,20260829,-1.0,-1.0,-1.0,-1.0,0.705906,-1.0,-1.0,-1.0,-1.0,-1.0,-1.0,-1.0,-1.0,-1.0,1.0,0.0
222,I627,0,20260829,0.278042,0.753747,14.0,0.431737,0.251775,0.845278,6.93454,0.383691,8.0,5.0,1.0,2.0,0.417665,0.065453,0.0,0.0
222,I144,0,20260829,-1.0,-1.0,-1.0,-1.0,0.437317,-1.0,-1.0,-1.0,-1.0,-1.0,-1.0,-1.0,-1.0,-1.0,0.0,0.0
222,I568,4,20260829,0.129281,0.338811,79.0,0.397802,0.695371,0.545497,71.99389,0.350834,5.0,5.0,1.0,3.0,0.393968,0.083034,0.0,0.0
223,I217,0,20260829,-1.0,-1.0,-1.0,-1.0,0.570912,-1.0,-1.0,-1.0,-1.0,-1.0,-1.0,-1.0,-1.0,-1.0,1.0,0.0
223,I673,3,20260829,-1.0,-1.0,-1.0,-1.0,0.908893,-1.0,-1.0,-1.0,-1.0,-1.0,-1.0,-1.0,-1.0,-1.0,1.0,0.0
223,I587,0,20260829,-1.0,-1.0,-1.0,-1.0,0.348932,-1.0,-1.0,-1.0,-1.0,-1.0,-1.0,-1.0,-1.0,-1.0,1.0,0.0
223,I281,0,20260829,0.863541,0.799766,74.0,0.878015,0.380952,0.890504,30.26209,0.437709,11.0,1.0,5.0,5.0,0.504001,0.077164,1.0,0.0
223,I361,0,20260829,-1.0,-1.0,-1.0,-1.0,0.276952,-1.0,-1.0,-1.0,-1.0,-1.0,-1.0,-1.0,-1.0,-1.0,1.0,0.0
223,I088,0,20260829,-1.0,-1.0,-1.0,-1.0,0.618038,-1.0,-1.0,-1.0,-1.0,-1.0,-1.0,-1.0,-1.0,-1.0,0.0,0.0
223,I090,0,20260829,-1.0,-1.0,-1.0,-1.0,0.326126,-1.0,-1.0,-1.0,-1.0,-1.0,-1.0,-1.0,-1.0,-1.0,0.0,1.0
224,I165,0,20260829,-1.0,-1.0,-1.0,-1.0,0.292988,-1.0,-1.0,-1.0,-1.0,-1.0,-1.0,-1.0,-1.0,-1.0,1.0,1.0
224,I682,0,20260829,-1.0,-1.0,-1.0,-1.0,0.164472,-1.0,-1.0,-1.0,-1.0,-1.0,-1.0,-1.0,-1.0,-1.0,1.0,1.0
224,I425,0,20260829,-1.0,-1.0,-1.0,-1.0,0.428186,-1.0,-1.0,-1.0,-1.0,-1.0,-1.0,-1.0,-1.0,-1.0,0.0,0.0
224,I657,0,20260829,-1.0,-1.0,-1.0,-1.0,0.574169,-1.0,-1.0,-1.0,-1.0,-1.0,-1.0,-1.0,-1.0,-1.0,0.0,0.0
224,I449,0,20260829,-1.0,-1.0,-1.0,-1.0,0.350845,-1.0,-1.0,-1.0,-1.0,-1.0,-1.0,-1.0,-1.0,-1.0,0.0,0.0
224,I433,0,20260829,-1.0,-1.0,-1.0,-1.0,0.909886,-1.0,-1.0,-1.0,-1.0,-1.0,-1.0,-1.0,-1.0,-1.0,1.0,0.0
224,I527,10,20260829,-1.0,-1.0,-1.0,-1.0,0.734957,-1.0,-1.0,-1.0,-1.0,-1.0,-1.0,-1.0,-1.0,-1.0,1.0,0.0
225,I077,0,20260830,0.321647,0.65474,71.0,0.076157,0.717109,0.625178,88.031569,0.100214,10.0,6.0,2.0,4.0,0.416712,0.079188,1.0,0.0
225,I685,0,20260830,-1.0,-1.0,-1.0,-1.0,0.484091,-1.0,-1.0,-1.0,-1.0,-1.0,-1.0,-1.0,-1.0,-1.0,0.0,0.0
225,I329,0,20260830,-1.0,-1.0,-1.0,-1.0,0.210251,-1.0,-1.0,-1.0,-1.0,-1.0,-1.0,-1.0,-1.0,-1.0,1.0,0.0
225,I655,0,20260830,-1.0,-1.0,-1.0,-1.0,0.593798,-1.0,-1.0,-1.0,-1.0,-1.0,-1.0,-1.0,-1.0,-1.0,0.0,1.0
225,I357,3,20260830,-1.0,-1.0,-1.0,-1.0,0.599384,-1.0,-1.0,-1.0,-1.0,-1.0,-1.0,-1.0,-1.0,-1.0,0.0,0.0
225,I044,0,20260830,-1.0,-1.0,-1.0,-1.0,0.418745,-1.0,-1.0,-1.0,-1.0,-1.0,-1.0,-1.0,-1.0,-1.0,1.0,0.0
225,I601,0,20260830,-1.0,-1.0,-1.0,-1.0,0.811186,-1.0,-1.0,-1.0,-1.0,-1.0,-1.0,-1.0,-1.0,-1.0,1.0,0.0
226,I383,0,20260830,-1.0,-1.0,-1.0,-1.0,0.35529,-1.0,-1.0,-1.0,-1.0,-1.0,-1.0,-1.0,-1.0,-1.0,0.0,0.0
226,I048,0,20260830,-1.0,-1.0,-1.0,-1.0,0.259784,-1.0,-1.0,-1.0,-1.0,-1.0,-1.0,-1.0,-1.0,-1.0,1.0,0.0
226,I019,4,20260830,-1.0,-1.0,-1.0,-1.0,0.905697,-1.0,-1.0,-1.0,-1.0,-1.0,-1.0,-1.0,-1.0,-1.0,1.0,0.0
226,I688,0,20260830,0.227695,0.587313,43.0,0.665429,0.388155,0.738124,42.782946,0.633522,5.0,2.0,2.0,4.0,0.4066,0.077596,0.0,0.0
226,I699,0,20260830,0.383919,0.779896,56.0,0.211674,0.453374,0.713636,42.156274,0.159609,11.0,3.0,5.0,2.0,0.419406,0.076803,1.0,0.0
226,I032,0,20260830,-1.0,-1.0,-1.0,-1.0,0.556829,-1.0,-1.0,-1.0,-1.0,-1.0,-1.0,-1.0,-1.0,-1.0,0.0,0.0
226,I462,0,20260830,0.762995,0.462795,77.0,0.25635,0.43783,0.86606,9.634817,0.13696,7.0,7.0,3.0,6.0,0.50502,0.075236,1.0,0.0
227,I349,0,20260830,-1.0,-1.0,-1.0,-1.0,0.403966,-1.0,-1.0,-1.0,-1.0,-1.0,-1.0,-1.0,-1.0,-1.0,0.0,0.0
227,I092,0,20260830,-1.0,-1.0,-1.0,-1.0,0.50584,-1.0,-1.0,-1.0,-1.0,-1.0,-1.0,-1.0,-1.0,-1.0,1.0,1.0
227,I613,1,20260830,0.090384,0.460343,65.0,0.963407,0.809979,0.848502,22.723899,0.361665,10.0,6.0,5.0,5.0,0.396858,0.072339,0.0,0.0
227,I443,0,20260830,0.321263,0.64783,13.0,0.293768,0.427445,0.918083,56.921232,0.138597,7.0,4.0,4.0,7.0,0.442174,0.064826,0.0,0.0
227,I585,0,20260830,0.488519,0.668312,59.0,0.301121,0.473654,0.631899,96.527984,0.057333,6.0,4.0,1.0,1.0,0.458909,0.072884,0.0,0.0
227,I160,0,20260830,0.700892,0.875811,13.0,0.139877,0.422656,0.861021,45.678805,0.276834,11.0,5.0,5.0,7.0,0.466162,0.06926,0.0,0.0
227,I412,,20260830,-1.0,-1.0,-1.0,-1.0,0.341216,-1.0,-1.0,-1.0,-1.0,-1.0,-1.0,-1.0,-1.0,-1.0,0.0,0.0
228,I333,1,20260830,0.585859,0.318798,78.0,0.967977,0.571518,0.962838,21.620382,0.110867,6.0,3.0,5.0,4.0,0.473002,0.070481,1.0,0.0
228,I007,0,20260830,0.756306,0.68258,36.0,0.554828,0.407494,0.986453,53.436852,0.010218,1.0,1.0,1.0,1.0,0.497434,0.070156,0.0,0.0
228,I672,0,20260830,0.344476,0.690635,41.0,0.749864,0.487067,0.664948,245.864517,0.15185,1.0,1.0,3.0,4.0,0.414003,0.080051,0.0,0.0
228,I125,0,20260830,0.512241,0.462609,60.0,0.383478,0.378221,0.687089,13.36978,0.346815,10.0,1.0,1.0,1.0,0.451494,0.083813,1.0,0.0
228,I252,0,20260830,-1.0,-1.0,-1.0,-1.0,0.311972,-1.0,-1.0,-1.0,-1.0,-1.0,-1.0,-1.0,-1.0,-1.0,0.0,1.0
228,I027,0,20260830,-1.0,-1.0,-1.0,-1.0,0.320894,-1.0,-1.0,-1.0,-1.0,-1.0,-1.0,-1.0,-1.0,-1.0,0.0,0.0
228,I509,0,20260830,-1.0,-1.0,-1.0,-1.0,0.206419,-1.0,-1.0,-1.0,-1.0,-1.0,-1.0,-1.0,-1.0,-1.0,0.0,0.0
229,I132,0,20260830,0.440324,0.22578,64.0,0.645522,0.495426,0.800916,55.460989,0.049544,7.0,7.0,5.0,2.0,0.441113,0.07107,0.0,0.0
229,I284,0,20260830,0.122373,0.669697,54.0,0.422756,0.302221,0.919955,61.161976,0.190954,7.0,1.0,3.0,6.0,0.40777,0.080695,1.0,0.0
229,I563,0,20260830,-1.0,-1.0,-1.0,-1.0,0.593481,-1.0,-1.0,-1.0,-1.0,-1.0,-1.0,-1.0,-1.0,-1.0,1.0,0.0
229,I087,,20260830,-1.0,-1.0,-1.0,-1.0,0.786816,-1.0,-1.0,-1.0,-1.0,-1.0,-1.0,-1.0,-1.0,-1.0,0.0,0.0
229,I413,0,20260830,-1.0,-1.0,-1.0,-1.0,0.089968,-1.0,-1.0,-1.0,-1.0,-1.0,-1.0,-1.0,-1.0,-1.0,1.0,0.0
229,I206,0,20260830,-1.0,-1.0,-1.0,-1.0,0.162186,-1.0,-1.0,-1.0,-1.0,-1.0,-1.0,-1.0,-1.0,-1.0,1.0,0.0
229,I205,1,20260830,-1.0,-1.0,-1.0,-1.0,0.814095,-1.0,-1.0,-1.0,-1.0,-1.0,-1.0,-1.0,-1.0,-1.0,1.0,0.0
230,I323,3,20260830,-1.0,-1.0,-1.0,-1.0,0.547466,-1.0,-1.0,-1.0,-1.0,-1.0,-1.0,-1.0,-1.0,-1.0,1.0,0.0
230,I521,0,20260830,-1.0,-1.0,-1.0,-1.0,0.25155,-1.0,-1.0,-1.0,-1.0,-1.0,-1.0,-1.0,-1.0,-1.0,0.0,0.0
230,I488,0,20260830,-1.0,-1.0,-1.0,-1.0,0.503999,-1.0,-1.0,-1.0,-1.0,-1.0,-1.0,-1.0,-1.0,-1.0,1.0,0.0
230,I222,0,20260830,-1.0,-1.0,-1.0,-1.0,0.469364,-1.0,-1.0,-1.0,-1.0,-1.0,-1.0,-1.0,-1.0,-1.0,0.0,0.0
230,I179,0,20260830,0.738786,0.364997,47.0,0.370058,0.885243,0.719706,100.456378,0.253142,5.0,1.0,3.0,1.0,0.499201,0.065889,1.0,0.0
230,I163,0,20260830,-1.0,-1.0,-1.0,-1.0,0.323987,-1.0,-1.0,-1.0,-1.0,-1.0,-1.0,-1.0,-1.0,-1.0,0.0,0.0
230,I568,0,20260830,0.129281,0.338811,79.0,0.397802,0.60457,0.545497,71.99389,0.350834,5.0,5.0,1.0,3.0,0.393968,0.083034,0.0,0.0
231,I263,1,20260830,-1.0,-1.0,-1.0,-1.0,0.679594,-1.0,-1.0,-1.0,-1.0,-1.0,-1.0,-1.0,-1.0,-1.0,1.0,0.0
231,I261,0,20260830,-1.0,-1.0,-1.0,-1.0,0.533607,-1.0,-1.0,-1.0,-1.0,-1.0,-1.0,-1.0,-1.0,-1.0,0.0,0.0
231,I095,0,20260830,-1.0,-1.0,-1.0,-1.0,0.110864,-1.0,-1.0,-1.0,-1.0,-1.0,-1.0,-1.0,-1.0,-1.0,1.0,0.0
231,I186,0,20260830,-1.0,-1.0,-1.0,-1.0,0.527267,-1.0,-1.0,-1.0,-1.0,-1.0,-1.0,-1.0,-1.0,-1.0,1.0,0.0
231,I264,0,20260830,-1.0,-1.0,-1.0,-1.0,0.251539,-1.0,-1.0,-1.0,-1.0,-1.0,-1.0,-1.0,-1.0,-1.0,1.0,0.0
231,I326,0,20260830,-1.0,-1.0,-1.0,-1.0,0.422102,-1.0,-1.0,-1.0,-1.0,-1.0,-1.0,-1.0,-1.0,-1.0,1.0,0.0
231,I300,0,20260830,0.298633,0.458603,53.0,0.460951,0.311099,0.864026,12.065376,0.175981,8.0,1.0,2.0,7.0,0.44451,0.076188,0.0,0.0
232,I372,,20260830,-1.0,-1.0,-1.0,-1.0,0.247099,-1.0,-1.0,-1.0,-1.0,-1.0,-1.0,-1.0,-1.0,-1.0,1.0,0.0
232,I284,0,20260830,0.122373,0.669697,54.0,0.422756,0.378929,0.919955,61.161976,0.190954,7.0,1.0,3.0,6.0,0.40777,0.080695,1.0,0.0
232,I059,1,20260830,0.683363,0.405242,29.0,0.523742,0.721479,0.318644,63.377486,0.248478,11.0,7.0,4.0,2.0,0.471127,0.074676,1.0,0.0
232,I509,0,20260830,-1.0,-1.0,-1.0,-1.0,0.243231,-1.0,-1.0,-1.0,-1.0,-1.0,-1.0,-1.0,-1.0,-1.0,1.0,0.0
232,I698,,20260830,0.746589,0.265975,65.0,0.646273,0.169908,0.885368,40.909642,0.248878,6.0,4.0,4.0,6.0,0.50588,0.077683,1.0,0.0
232,I327,0,20260830,0.586402,0.173751,71.0,0.697372,0.275683,0.753314,74.426382,0.388458,7.0,7.0,1.0,4.0,0.466786,0.077719,1.0,0.0
232,I544,0,20260830,-1.0,-1.0,-1.0,-1.0,0.431729,-1.0,-1.0,-1.0,-1.0,-1.0,-1.0,-1.0,-1.0,-1.0,1.0,0.0
233,I648,0,20260830,-1.0,-1.0,-1.0,-1.0,0.30085,-1.0,-1.0,-1.0,-1.0,-1.0,-1.0,-1.0,-1.0,-1.0,1.0,0.0
233,I063,0,20260830,-1.0,-1.0,-1.0,-1.0,0.255829,-1.0,-1.0,-1.0,-1.0,-1.0,-1.0,-1.0,-1.0,-1.0,1.0,0.0
233,I455,3,20260830,-1.0,-1.0,-1.0,-1.0,0.513858,-1.0,-1.0,-1.0,-1.0,-1.0,-1.0,-1.0,-1.0,-1.0,1.0,0.0
233,I169,0,20260830,0.308862,0.866018,24.0,0.541607,0.693125,0.713876,69.669676,0.302694,8.0,3.0,5.0,7.0,0.441702,0.081555,0.0,0.0
233,I660,0,20260830,-1.0,-1.0,-1.0,-1.0,0.693696,-1.0,-1.0,-1.0,-1.0,-1.0,-1.0,-1.0,-1.0,-1.0,0.0,0.0
233,I306,0,20260830,-1.0,-1.0,-1.0,-1.0,0.62096,-1.0,-1.0,-1.0,-1.0,-1.0,-1.0,-1.0,-1.0,-1.0,1.0,0.0
233,I325,0,20260830,0.265924,0.658058,59.0,0.519299,0.181758,0.694659,50.851715,0.095188,9.0,5.0,2.0,8.0,0.42762,0.064194,1.0,0.0
234,I695,0,20260830,-1.0,-1.0,-1.0,-1.0,0.679642,-1.0,-1.0,-1.0,-1.0,-1.0,-1.0,-1.0,-1.0,-1.0,0.0,0.0
234,I323,0,20260830,-1.0,-1.0,-1.0,-1.0,0.251633,-1.0,-1.0,-1.0,-1.0,-1.0,-1.0,-1.0,-1.0,-1.0,0.0,0.0
234,I629,0,20260830,-1.0,-1.0,-1.0,-1.0,0.277897,-1.0,-1.0,-1.0,-1.0,-1.0,-1.0,-1.0,-1.0,-1.0,1.0,0.0
234,I621,0,20260830,-1.0,-1.0,-1.0,-1.0,0.376518,-1.0,-1.0,-1.0,-1.0,-1.0,-1.0,-1.0,-1.0,-1.0,0.0,0.0
234,I248,10,20260830,-1.0,-1.0,-1.0,-1.0,0.679983,-1.0,-1.0,-1.0,-1.0,-1.0,-1.0,-1.0,-1.0,-1.0,1.0,0.0
234,I056,0,20260830,-1.0,-1.0,-1.0,-1.0,0.213267,-1.0,-1.0,-1.0,-1.0,-1.0,-1.0,-1.0,-1.0,-1.0,1.0,0.0
234,I681,0,20260830,-1.0,-1.0,-1.0,-1.0,0.400998,-1.0,-1.0,-1.0,-1.0,-1.0,-1.0,-1.0,-1.0,-1.0,0.0,0.0
235,I466,0,20260830,0.234452,0.297846,58.0,0.500064,0.091203,0.879116,97.263164,0.118312,1.0,1.0,4.0,7.0,0.403872,0.065209,1.0,0.0
235,I187,0,20260830,-1.0,-1.0,-1.0,-1.0,0.628156,-1.0,-1.0,-1.0,-1.0,-1.0,-1.0,-1.0,-1.0,-1.0,0.0,0.0
235,I245,1,20260830,-1.0,-1.0,-1.0,-1.0,0.410002,-1.0,-1.0,-1.0,-1.0,-1.0,-1.0,-1.0,-1.0,-1.0,1.0,0.0
235,I560,0,20260830,-1.0,-1.0,-1.0,-1.0,0.412858,-1.0,-1.0,-1.0,-1.0,-1.0,-1.0,-1.0,-1.0,-1.0,1.0,0.0
235,I332,0,20260830,-1.0,-1.0,-1.0,-1.0,0.604208,-1.0,-1.0,-1.0,-1.0,-1.0,-1.0,-1.0,-1.0,-1.0,1.0,0.0
235,I026,0,20260830,0.596185,0.2559,11.0,0.691497,0.065062,0.937409,20.519829,0.579255,1.0,1.0,4.0,2.0,0.454505,0.066281,1.0,0.0
235,I178,0,20260830,-1.0,-1.0,-1.0,-1.0,0.319443,-1.0,-1.0,-1.0,-1.0,-1.0,-1.0,-1.0,-1.0,-1.0,0.0,0.0
236,I410,0,20260830,-1.0,-1.0,-1.0,-1.0,0.302475,-1.0,-1.0,-1.0,-1.0,-1.0,-1.0,-1.0,-1.0,-1.0,1.0,0.0
236,I583,3,20260830,0.404765,0.613908,47.0,0.708612,0.664328,0.808005,5.906166,0.314453,9.0,4.0,2.0,4.0,0.441786,0.066084,1.0,0.0
236,I231,0,20260830,-1.0,-1.0,-1.0,-1.0,0.515373,-1.0,-1.0,-1.0,-1.0,-1.0,-1.0,-1.0,-1.0,-1.0,1.0,0.0
236,I445,0,20260830,-1.0,-1.0,-1.0,-1.0,0.154341,-1.0,-1.0,-1.0,-1.0,-1.0,-1.0,-1.0,-1.0,-1.0,1.0,1.0
236,I501,0,20260830,-1.0,-1.0,-1.0,-1.0,0.063047,-1.0,-1.0,-1.0,-1.0,-1.0,-1.0,-1.0,-1.0,-1.0,1.0,0.0
236,I284,0,20260830,0.122373,0.669697,54.0,0.422756,0.358115,0.919955,61.161976,0.190954,7.0,1.0,3.0,6.0,0.40777,0.080695,1.0,0.0
236,I190,0,20260830,-1.0,-1.0,-1.0,-1.0,0.370932,-1.0,-1.0,-1.0,-1.0,-1.0,-1.0,-1.0,-1.0,-1.0,0.0,0.0
237,I596,3,20260830,-1.0,-1.0,-1.0,-1.0,0.772297,-1.0,-1.0,-1.0,-1.0,-1.0,-1.0,-1.0,-1.0,-1.0,1.0,1.0
237,I595,,20260830,0.336377,0.471143,11.0,0.884733,0.725156,0.911234,26.578839,0.095244,5.0,4.0,4.0,1.0,0.417423,0.0661,0.0,0.0
237,I092,0,20260830,-1.0,-1.0,-1.0,-1.0,0.392949,-1.0,-1.0,-1.0,-1.0,-1.0,-1.0,-1.0,-1.0,-1.0,1.0,0.0
237,I115,0,20260830,0.154669,0.675131,38.0,0.150446,0.427202,0.557762,132.018287,0.218573,5.0,1.0,1.0,8.0,0.419424,0.065978,0.0,0.0
237,I277,0,20260830,-1.0,-1.0,-1.0,-1.0,0.123021,-1.0,-1.0,-1.0,-1.0,-1.0,-1.0,-1.0,-1.0,-1.0,1.0,0.0
237,I212,0,20260830,-1.0,-1.0,-1.0,-1.0,0.157818,-1.0,-1.0,-1.0,-1.0,-1.0,-1.0,-1.0,-1.0,-1.0,1.0,0.0
237,I344,0,20260830,-1.0,-1.0,-1.0,-1.0,0.413742,-1.0,-1.0,-1.0,-1.0,-1.0,-1.0,-1.0,-1.0,-1.0,0.0,0.0
238,I145,4,20260830,0.189008,0.447788,47.0,0.595586,0.48615,0.945596,7.911944,0.500949,3.0,3.0,1.0,6.0,0.421671,0.075116,1.0,0.0
238,I588,0,20260830,-1.0,-1.0,-1.0,-1.0,0.278839,-1.0,-1.0,-1.0,-1.0,-1.0,-1.0,-1.0,-1.0,-1.0,0.0,0.0
238,I241,0,20260830,-1.0,-1.0,-1.0,-1.0,0.266727,-1.0,-1.0,-1.0,-1.0,-1.0,-1.0,-1.0,-1.0,-1.0,1.0,0.0
238,I576,0,20260830,-1.0,-1.0,-1.0,-1.0,0.250639,-1.0,-1.0,-1.0,-1.0,-1.0,-1.0,-1.0,-1.0,-1.0,0.0,0.0
238,I165,0,20260830,-1.0,-1.0,-1.0,-1.0,0.740156,-1.0,-1.0,-1.0,-1.0,-1.0,-1.0,-1.0,-1.0,-1.0,0.0,0.0
238,I131,0,20260830,-1.0,-1.0,-1.0,-1.0,0.135641,-1.0,-1.0,-1.0,-1.0,-1.0,-1.0,-1.0,-1.0,-1.0,0.0,0.0
238,I188,0,20260830,0.757517,0.387919,29.0,0.573631,0.192077,0.731882,183.163541,0.250623,11.0,5.0,3.0,6.0,0.482877,0.07013,1.0,0.0
239,I604,0,20260831,0.82365,0.344876,13.0,0.870955,0.481114,0.885241,124.222668,0.059381,10.0,4.0,3.0,5.0,0.50795,0.076243,0.0,0.0
239,I664,0,20260831,-1.0,-1.0,-1.0,-1.0,0.153363,-1.0,-1.0,-1.0,-1.0,-1.0,-1.0,-1.0,-1.0,-1.0,0.0,0.0
239,I170,4,20260831,0.363664,0.96266,26.0,0.605879,0.373296,0.904115,32.477829,0.631096,3.0,3.0,3.0,4.0,0.442158,0.072783,1.0,0.0
239,I114,0,20260831,-1.0,-1.0,-1.0,-1.0,0.39589,-1.0,-1.0,-1.0,-1.0,-1.0,-1.0,-1.0,-1.0,-1.0,0.0,0.0
239,I454,0,20260831,-1.0,-1.0,-1.0,-1.0,0.563553,-1.0,-1.0,-1.0,-1.0,-1.0,-1.0,-1.0,-1.0,-1.0,0.0,0.0
239,I010,0,20260831,0.554331,0.286697,37.0,0.172364,0.508942,0.954841,84.16918,0.240403,9.0,6.0,1.0,6.0,0.447317,0.066917,1.0,0.0
239,I633,0,20260831,0.393303,0.356975,54.0,0.706644,0.500936,0.878475,180.880346,0.110759,3.0,1.0,3.0,6.0,0.442655,0.06954,0.0,0.0
240,I427,0,20260831,-1.0,-1.0,-1.0,-1.0,0.227871,-1.0,-1.0,-1.0,-1.0,-1.0,-1.0,-1.0,-1.0,-1.0,0.0,0.0
240,I193,0,20260831,-1.0,-1.0,-1.0,-1.0,0.347623,-1.0,-1.0,-1.0,-1.0,-1.0,-1.0,-1.0,-1.0,-1.0,0.0,0.0
240,I535,0,20260831,-1.0,-1.0,-1.0,-1.0,0.417626,-1.0,-1.0,-1.0,-1.0,-1.0,-1.0,-1.0,-1.0,-1.0,0.0,0.0
240,I177,0,20260831,-1.0,-1.0,-1.0,-1.0,0.413842,-1.0,-1.0,-1.0,-1.0,-1.0,-1.0,-1.0,-1.0,-1.0,1.0,1.0
240,I164,0,20260831,0.404521,0.497458,40.0,0.767195,0.438257,0.809405,194.874534,0.408132,2.0,2.0,1.0,3.0,0.439629,0.073973,0.0,0.0
240,I369,1,20260831,-1.0,-1.0,-1.0,-1.0,0.515907,-1.0,-1.0,-1.0,-1.0,-1.0,-1.0,-1.0,-1.0,-1.0,0.0,1.0
240,I337,0,20260831,-1.0,-1.0,-1.0,-1.0,0.137912,-1.0,-1.0,-1.0,-1.0,-1.0,-1.0,-1.0,-1.0,-1.0,0.0,0.0
241,I377,0,20260831,-1.0,-1.0,-1.0,-1.0,0.339426,-1.0,-1.0,-1.0,-1.0,-1.0,-1.0,-1.0,-1.0,-1.0,0.0,0.0
241,I186,0,20260831,-1.0,-1.0,-1.0,-1.0,0.530253,-1.0,-1.0,-1.0,-1.0,-1.0,-1.0,-1.0,-1.0,-1.0,0.0,0.0
241,I597,0,20260831,0.71049,0.604882,35.0,0.867264,0.392878,0.581579,79.812575,0.218799,6.0,3.0,4.0,3.0,0.491013,0.066778,1.0,0.0
241,I584,4,20260831,0.212034,0.683625,54.0,0.348002,0.334701,0.821534,87.659875,0.088412,4.0,3.0,5.0,8.0,0.394669,0.075011,1.0,0.0
241,I246,,20260831,0.732941,0.712229,12.0,0.744734,0.343278,0.787905,167.614054,0.140592,1.0,1.0,2.0,5.0,0.509239,0.074354,1.0,0.0
241,I492,0,20260831,-1.0,-1.0,-1.0,-1.0,0.70559,-1.0,-1.0,-1.0,-1.0,-1.0,-1.0,-1.0,-1.0,-1.0,1.0,0.0
241,I693,0,20260831,-1.0,-1.0,-1.0,-1.0,0.272391,-1.0,-1.0,-1.0,-1.0,-1.0,-1.0,-1.0,-1.0,-1.0,1.0,0.0
242,I625,0,20260831,0.192496,0.649257,58.0,0.58281,0.371154,0.864429,66.276438,0.247318,10.0,3.0,4.0,5.0,0.411527,0.070868,0.0,0.0
242,I281,0,20260831,0.863541,0.799766,74.0,0.878015,0.211789,0.890504,30.26209,0.437709,11.0,1.0,5.0,5.0,0.504001,0.077164,0.0,1.0
242,I695,0,20260831,-1.0,-1.0,-1.0,-1.0,0.40358,-1.0,-1.0,-1.0,-1.0,-1.0,-1.0,-1.0,-1.0,-1.0,0.0,0.0
242,I195,0,20260831,0.379031,0.680024,20.0,0.687923,0.724004,0.86723,58.327764,0.13396,11.0,7.0,2.0,4.0,0.419165,0.073452,0.0,0.0
242,I199,4,20260831,-1.0,-1.0,-1.0,-1.0,0.292161,-1.0,-1.0,-1.0,-1.0,-1.0,-1.0,-1.0,-1.0,-1.0,1.0,0.0
242,I434,0,20260831,0.218668,0.579189,42.0,0.4323,0.409067,0.872204,60.51811,0.110487,7.0,1.0,3.0,7.0,0.415643,0.072986,1.0,0.0
242,I327,0,20260831,0.586402,0.173751,71.0,0.697372,0.739002,0.753314,74.426382,0.388458,7.0,7.0,1.0,4.0,0.466786,0.077719,0.0,0.0
243,I117,0,20260831,-1.0,-1.0,-1.0,-1.0,0.241723,-1.0,-1.0,-1.0,-1.0,-1.0,-1.0,-1.0,-1.0,-1.0,1.0,0.0
243,I297,0,20260831,0.406164,0.164687,26.0,0.096545,0.406417,0.722792,22.471716,0.156836,4.0,2.0,3.0,1.0,0.426732,0.07236,1.0,0.0
243,I423,0,20260831,0.677355,0.377545,36.0,0.774977,0.507746,0.905318,108.498506,0.276586,8.0,2.0,3.0,7.0,0.488869,0.071901,1.0,0.0
243,I118,4,20260831,0.808261,0.761056,64.0,0.761953,0.476553,0.903023,42.209622,0.236346,5.0,3.0,2.0,5.0,0.485751,0.07557,1.0,0.0
243,I549,0,20260831,-1.0,-1.0,-1.0,-1.0,0.586309,-1.0,-1.0,-1.0,-1.0,-1.0,-1.0,-1.0,-1.0,-1.0,0.0,0.0
243,I325,0,20260831,0.265924,0.658058,59.0,0.519299,0.771567,0.694659,50.851715,0.095188,9.0,5.0,2.0,8.0,0.42762,0.064194,1.0,0.0
243,I087,0,20260831,-1.0,-1.0,-1.0,-1.0,0.163437,-1.0,-1.0,-1.0,-1.0,-1.0,-1.0,-1.0,-1.0,-1.0,0.0,0.0
244,I634,3,20260831,-1.0,-1.0,-1.0,-1.0,0.819521,-1.0,-1.0,-1.0,-1.0,-1.0,-1.0,-1.0,-1.0,-1.0,1.0,0.0
244,I697,0,20260831,-1.0,-1.0,-1.0,-1.0,0.514784,-1.0,-1.0,-1.0,-1.0,-1.0,-1.0,-1.0,-1.0,-1.0,0.0,0.0
244,I554,0,20260831,-1.0,-1.0,-1.0,-1.0,0.307086,-1.0,-1.0,-1.0,-1.0,-1.0,-1.0,-1.0,-1.0,-1.0,1.0,0.0
244,I195,0,20260831,0.379031,0.680024,20.0,0.687923,0.126458,0.86723,58.327764,0.13396,11.0,7.0,2.0,4.0,0.419165,0.073452,0.0,0.0
244,I462,0,20260831,0.762995,0.462795,77.0,0.25635,0.203085,0.86606,9.634817,0.13696,7.0,7.0,3.0,6.0,0.50502,0.075236,0.0,0.0
244,I343,0,20260831,0.237617,0.462192,71.0,0.901025,0.118302,0.629829,47.192643,0.011285,11.0,6.0,3.0,2.0,0.435425,0.067317,0.0,0.0
244,I640,0,20260831,0.709282,0.755188,18.0,0.151271,0.671979,0.842426,159.7396,0.005958,9.0,2.0,3.0,7.0,0.498332,0.075825,0.0,0.0
245,I111,,20260831,-1.0,-1.0,-1.0,-1.0,0.568068,-1.0,-1.0,-1.0,-1.0,-1.0,-1.0,-1.0,-1.0,-1.0,0.0,0.0
245,I293,0,20260831,-1.0,-1.0,-1.0,-1.0,0.409487,-1.0,-1.0,-1.0,-1.0,-1.0,-1.0,-1.0,-1.0,-1.0,0.0,0.0
245,I296,0,20260831,0.21582,0.469964,21.0,0.61653,0.497755,0.905389,34.74725,0.400685,8.0,2.0,4.0,3.0,0.428001,0.080973,1.0,0.0
245,I158,0,20260831,-1.0,-1.0,-1.0,-1.0,0.655665,-1.0,-1.0,-1.0,-1.0,-1.0,-1.0,-1.0,-1.0,-1.0,1.0,0.0
245,I344,0,20260831,-1.0,-1.0,-1.0,-1.0,0.264456,-1.0,-1.0,-1.0,-1.0,-1.0,-1.0,-1.0,-1.0,-1.0,1.0,0.0
245,I302,1,20260831,-1.0,-1.0,-1.0,-1.0,0.181411,-1.0,-1.0,-1.0,-1.0,-1.0,-1.0,-1.0,-1.0,-1.0,1.0,0.0
245,I300,0,20260831,0.298633,0.458603,53.0,0.460951,0.404792,0.864026,12.065376,0.175981,8.0,1.0,2.0,7.0,0.44451,0.076188,1.0,0.0
246,I207,0,20260831,0.735183,0.445974,8.0,0.154554,0.537376,0.966761,39.238852,0.293314,4.0,4.0,4.0,8.0,0.494178,0.070808,0.0,0.0
246,I077,0,20260831,0.321647,0.65474,71.0,0.076157,0.609735,0.625178,88.031569,0.100214,10.0,6.0,2.0,4.0,0.416712,0.079188,1.0,0.0
246,I139,0,20260831,0.778472,0.649659,40.0,0.902488,0.315716,0.679345,46.036683,0.130301,11.0,6.0,5.0,7.0,0.499001,0.079978,1.0,1.0
246,I016,0,20260831,-1.0,-1.0,-1.0,-1.0,0.893102,-1.0,-1.0,-1.0,-1.0,-1.0,-1.0,-1.0,-1.0,-1.0,0.0,0.0
246,I082,4,20260831,-1.0,-1.0,-1.0,-1.0,0.794112,-1.0,-1.0,-1.0,-1.0,-1.0,-1.0,-1.0,-1.0,-1.0,1.0,0.0
246,I329,0,20260831,-1.0,-1.0,-1.0,-1.0,0.156107,-1.0,-1.0,-1.0,-1.0,-1.0,-1.0,-1.0,-1.0,-1.0,1.0,0.0
246,I081,0,20260831,-1.0,-1.0,-1.0,-1.0,0.322632,-1.0,-1.0,-1.0,-1.0,-1.0,-1.0,-1.0,-1.0,-1.0,0.0,0.0
247,I566,0,20260831,-1.0,-1.0,-1.0,-1.0,0.413056,-1.0,-1.0,-1.0,-1.0,-1.0,-1.0,-1.0,-1.0,-1.0,0.0,0.0
247,I116,0,20260831,-1.0,-1.0,-1.0,-1.0,0.374481,-1.0,-1.0,-1.0,-1.0,-1.0,-1.0,-1.0,-1.0,-1.0,1.0,0.0
247,I377,0,20260831,-1.0,-1.0,-1.0,-1.0,0.509202,-1.0,-1.0,-1.0,-1.0,-1.0,-1.0,-1.0,-1.0,-1.0,0.0,0.0
247,I379,1,20260831,0.797061,0.799543,24.0,0.803216,0.515982,0.850028,98.280227,0.178413,5.0,3.0,4.0,4.0,0.480229,0.077962,1.0,0.0
247,I327,0,20260831,0.586402,0.173751,71.0,0.697372,0.17054,0.753314,74.426382,0.388458,7.0,7.0,1.0,4.0,0.466786,0.077719,0.0,0.0
247,I037,0,20260831,0.326168,0.549988,23.0,0.422814,0.676691,0.968253,100.575159,0.092828,11.0,7.0,3.0,2.0,0.429336,0.078198,1.0,0.0
247,I569,0,20260831,-1.0,-1.0,-1.0,-1.0,0.187123,-1.0,-1.0,-1.0,-1.0,-1.0,-1.0,-1.0,-1.0,-1.0,0.0,0.0
248,I256,0,20260831,0.239954,0.285746,49.0,0.450581,0.336571,0.90062,97.271935,0.272371,4.0,4.0,3.0,5.0,0.412498,0.064972,0.0,0.0
248,I532,0,20260831,0.322594,0.63239,30.0,0.152062,0.655916,0.835719,35.75094,0.058728,7.0,5.0,5.0,5.0,0.420242,0.07702,0.0,0.0
248,I382,0,20260831,0.893519,0.785048,70.0,0.636191,0.416587,0.918409,229.457581,0.035941,9.0,1.0,4.0,2.0,0.497984,0.072253,1.0,0.0
248,I293,0,20260831,-1.0,-1.0,-1.0,-1.0,0.563328,-1.0,-1.0,-1.0,-1.0,-1.0,-1.0,-1.0,-1.0,-1.0,1.0,0.0
248,I599,3,20260831,-1.0,-1.0,-1.0,-1.0,0.706971,-1.0,-1.0,-1.0,-1.0,-1.0,-1.0,-1.0,-1.0,-1.0,1.0,0.0
248,I087,0,20260831,-1.0,-1.0,-1.0,-1.0,0.24441,-1.0,-1.0,-1.0,-1.0,-1.0,-1.0,-1.0,-1.0,-1.0,0.0,0.0
248,I363,0,20260831,-1.0,-1.0,-1.0,-1.0,0.342434,-1.0,-1.0,-1.0,-1.0,-1.0,-1.0,-1.0,-1.0,-1.0,0.0,0.0
249,I077,0,20260831,0.321647,0.65474,71.0,0.076157,0.605203,0.625178,88.031569,0.100214,10.0,6.0,2.0,4.0,0.416712,0.079188,0.0,0.0
249,I595,1,20260831,0.336377,0.471143,11.0,0.884733,0.678159,0.911234,26.578839,0.095244,5.0,4.0,4.0,1.0,0.417423,0.0661,1.0,0.0
249,I122,0,20260831,-1.0,-1.0,-1.0,-1.0,0.20776,-1.0,-1.0,-1.0,-1.0,-1.0,-1.0,-1.0,-1.0,-1.0,1.0,1.0
249,I577,0,20260831,-1.0,-1.0,-1.0,-1.0,0.461608,-1.0,-1.0,-1.0,-1.0,-1.0,-1.0,-1.0,-1.0,-1.0,1.0,0.0
249,I300,0,20260831,0.298633,0.458603,53.0,0.460951,0.572963,0.864026,12.065376,0.175981,8.0,1.0,2.0,7.0,0.44451,0.076188,1.0,0.0
249,I039,0,20260831,-1.0,-1.0,-1.0,-1.0,0.283293,-1.0,-1.0,-1.0,-1.0,-1.0,-1.0,-1.0,-1.0,-1.0,1.0,0.0
249,I000,0,20260831,-1.0,-1.0,-1.0,-1.0,0.097162,-1.0,-1.0,-1.0,-1.0,-1.0,-1.0,-1.0,-1.0,-1.0,0.0,0.0
250,I323,0,20260831,-1.0,-1.0,-1.0,-1.0,0.191152,-1.0,-1.0,-1.0,-1.0,-1.0,-1.0,-1.0,-1.0,-1.0,0.0,0.0
250,I476,0,20260831,-1.0,-1.0,-1.0,-1.0,0.873925,-1.0,-1.0,-1.0,-1.0,-1.0,-1.0,-1.0,-1.0,-1.0,1.0,0.0
250,I074,0,20260831,-1.0,-1.0,-1.0,-1.0,0.174204,-1.0,-1.0,-1.0,-1.0,-1.0,-1.0,-1.0,-1.0,-1.0,1.0,0.0
250,I472,1,20260831,-1.0,-1.0,-1.0,-1.0,0.433543,-1.0,-1.0,-1.0,-1.0,-1.0,-1.0,-1.0,-1.0,-1.0,1.0,1.0
250,I673,0,20260831,-1.0,-1.0,-1.0,-1.0,0.242889,-1.0,-1.0,-1.0,-1.0,-1.0,-1.0,-1.0,-1.0,-1.0,1.0,0.0
250,I005,0,20260831,0.811193,0.444484,54.0,0.685679,0.414804,0.892345,28.782595,0.254558,1.0,1.0,5.0,5.0,0.490984,0.067166,1.0,0.0
250,I076,0,20260831,-1.0,-1.0,-1.0,-1.0,0.274696,-1.0,-1.0,-1.0,-1.0,-1.0,-1.0,-1.0,-1.0,-1.0,0.0,0.0
251,I697,0,20260831,-1.0,-1.0,-1.0,-1.0,0.315621,-1.0,-1.0,-1.0,-1.0,-1.0,-1.0,-1.0,-1.0,-1.0,1.0,0.0
251,I030,0,20260831,-1.0,-1.0,-1.0,-1.0,0.509261,-1.0,-1.0,-1.0,-1.0,-1.0,-1.0,-1.0,-1.0,-1.0,0.0,0.0
251,I168,0,20260831,0.051956,0.453798,69.0,0.309143,0.384044,0.487374,229.69058,0.046946,3.0,1.0,5.0,6.0,0.371547,0.064456,0.0,0.0
251,I007,0,20260831,0.756306,0.68258,36.0,0.554828,0.221908,0.986453,53.436852,0.010218,1.0,1.0,1.0,1.0,0.497434,0.070156,1.0,1.0
251,I102,1,20260831,-1.0,-1.0,-1.0,-1.0,0.56057,-1.0,-1.0,-1.0,-1.0,-1.0,-1.0,-1.0,-1.0,-1.0,1.0,0.0
251,I655,0,20260831,-1.0,-1.0,-1.0,-1.0,0.346241,-1.0,-1.0,-1.0,-1.0,-1.0,-1.0,-1.0,-1.0,-1.0,1.0,0.0
251,I449,0,20260831,-1.0,-1.0,-1.0,-1.0,0.568115,-1.0,-1.0,-1.0,-1.0,-1.0,-1.0,-1.0,-1.0,-1.0,0.0,0.0
252,I139,0,20260831,0.778472,0.649659,40.0,0.902488,0.681483,0.679345,46.036683,0.130301,11.0,6.0,5.0,7.0,0.499001,0.079978,1.0,0.0
252,I097,1,20260831,-1.0,-1.0,-1.0,-1.0,0.614298,-1.0,-1.0,-1.0,-1.0,-1.0,-1.0,-1.0,-1.0,-1.0,1.0,0.0
252,I216,0,20260831,0.6907,0.571376,22.0,0.715814,0.504804,0.839573,123.645569,0.076374,3.0,2.0,5.0,8.0,0.466667,0.074705,1.0,0.0
252,I662,0,20260831,0.290477,0.65062,19.0,0.636422,0.166593,0.746291,78.291161,0.283178,5.0,5.0,2.0,1.0,0.412191,0.079838,1.0,1.0
252,I309,0,20260831,-1.0,-1.0,-1.0,-1.0,0.216428,-1.0,-1.0,-1.0,-1.0,-1.0,-1.0,-1.0,-1.0,-1.0,1.0,0.0
252,I070,0,20260831,-1.0,-1.0,-1.0,-1.0,0.460404,-1.0,-1.0,-1.0,-1.0,-1.0,-1.0,-1.0,-1.0,-1.0,0.0,1.0
252,I063,0,20260831,-1.0,-1.0,-1.0,-1.0,0.446826,-1.0,-1.0,-1.0,-1.0,-1.0,-1.0,-1.0,-1.0,-1.0,1.0,0.0
253,I576,0,20260901,-1.0,-1.0,-1.0,-1.0,0.513086,-1.0,-1.0,-1.0,-1.0,-1.0,-1.0,-1.0,-1.0,-1.0,0.0,1.0
253,I387,0,20260901,-1.0,-1.0,-1.0,-1.0,0.082525,-1.0,-1.0,-1.0,-1.0,-1.0,-1.0,-1.0,-1.0,-1.0,1.0,0.0
253,I004,0,20260901,0.549769,0.691045,58.0,0.534303,0.431661,0.857981,44.288319,0.694796,9.0,2.0,4.0,4.0,0.444819,0.070722,0.0,0.0
253,I040,0,20260901,-1.0,-1.0,-1.0,-1.0,0.392016,-1.0,-1.0,-1.0,-1.0,-1.0,-1.0,-1.0,-1.0,-1.0,1.0,0.0
253,I526,0,20260901,-1.0,-1.0,-1.0,-1.0,0.437487,-1.0,-1.0,-1.0,-1.0,-1.0,-1.0,-1.0,-1.0,-1.0,0.0,0.0
253,I253,10,20260901,-1.0,-1.0,-1.0,-1.0,0.64912,-1.0,-1.0,-1.0,-1.0,-1.0,-1.0,-1.0,-1.0,-1.0,0.0,0.0
253,I385,0,20260901,0.445808,0.119986,50.0,0.81766,0.45304,0.784962,101.864025,0.102217,3.0,2.0,5.0,3.0,0.43672,0.069895,0.0,0.0
254,I042,0,20260901,-1.0,-1.0,-1.0,-1.0,0.384742,-1.0,-1.0,-1.0,-1.0,-1.0,-1.0,-1.0,-1.0,-1.0,1.0,0.0
254,I369,4,20260901,-1.0,-1.0,-1.0,-1.0,0.700393,-1.0,-1.0,-1.0,-1.0,-1.0,-1.0,-1.0,-1.0,-1.0,1.0,0.0
254,I274,0,20260901,-1.0,-1.0,-1.0,-1.0,0.255208,-1.0,-1.0,-1.0,-1.0,-1.0,-1.0,-1.0,-1.0,-1.0,1.0,0.0
254,I479,0,20260901,-1.0,-1.0,-1.0,-1.0,0.047494,-1.0,-1.0,-1.0,-1.0,-1.0,-1.0,-1.0,-1.0,-1.0,0.0,0.0
254,I131,0,20260901,-1.0,-1.0,-1.0,-1.0,0.34711,-1.0,-1.0,-1.0,-1.0,-1.0,-1.0,-1.0,-1.0,-1.0,0.0,0.0
254,I595,0,20260901,0.336377,0.471143,11.0,0.884733,0.454882,0.911234,26.578839,0.095244,5.0,4.0,4.0,1.0,0.417423,0.0661,1.0,0.0
254,I318,0,20260901,-1.0,-1.0,-1.0,-1.0,0.505412,-1.0,-1.0,-1.0,-1.0,-1.0,-1.0,-1.0,-1.0,-1.0,0.0,0.0
255,I013,0,20260901,-1.0,-1.0,-1.0,-1.0,0.407562,-1.0,-1.0,-1.0,-1.0,-1.0,-1.0,-1.0,-1.0,-1.0,1.0,0.0
255,I672,1,20260901,0.344476,0.690635,41.0,0.749864,0.887558,0.664948,245.864517,0.15185,1.0,1.0,3.0,4.0,0.414003,0.080051,0.0,0.0
255,I575,0,20260901,-1.0,-1.0,-1.0,-1.0,0.28345,-1.0,-1.0,-1.0,-1.0,-1.0,-1.0,-1.0,-1.0,-1.0,0.0,0.0
255,I225,0,20260901,0.198538,0.628833,49.0,0.248667,0.608017,0.913798,37.291165,0.158034,3.0,3.0,2.0,1.0,0.402514,0.076903,0.0,1.0
255,I626,0,20260901,-1.0,-1.0,-1.0,-1.0,0.483923,-1.0,-1.0,-1.0,-1.0,-1.0,-1.0,-1.0,-1.0,-1.0,0.0,0.0
255,I317,0,20260901,-1.0,-1.0,-1.0,-1.0,0.344717,-1.0,-1.0,-1.0,-1.0,-1.0,-1.0,-1.0,-1.0,-1.0,1.0,0.0
255,I424,0,20260901,-1.0,-1.0,-1.0,-1.0,0.35673,-1.0,-1.0,-1.0,-1.0,-1.0,-1.0,-1.0,-1.0,-1.0,1.0,0.0
256,I085,10,20260901,-1.0,-1.0,-1.0,-1.0,0.936102,-1.0,-1.0,-1.0,-1.0,-1.0,-1.0,-1.0,-1.0,-1.0,0.0,1.0
256,I217,0,20260901,-1.0,-1.0,-1.0,-1.0,0.058336,-1.0,-1.0,-1.0,-1.0,-1.0,-1.0,-1.0,-1.0,-1.0,1.0,0.0
256,I220,,20260901,-1.0,-1.0,-1.0,-1.0,0.286187,-1.0,-1.0,-1.0,-1.0,-1.0,-1.0,-1.0,-1.0,-1.0,0.0,0.0
256,I504,0,20260901,-1.0,-1.0,-1.0,-1.0,0.30844,-1.0,-1.0,-1.0,-1.0,-1.0,-1.0,-1.0,-1.0,-1.0,0.0,0.0
256,I261,0,20260901,-1.0,-1.0,-1.0,-1.0,0.55304,-1.0,-1.0,-1.0,-1.0,-1.0,-1.0,-1.0,-1.0,-1.0,1.0,0.0
256,I508,0,20260901,-1.0,-1.0,-1.0,-1.0,0.216135,-1.0,-1.0,-1.0,-1.0,-1.0,-1.0,-1.0,-1.0,-1.0,1.0,0.0
256,I599,0,20260901,-1.0,-1.0,-1.0,-1.0,0.436156,-1.0,-1.0,-1.0,-1.0,-1.0,-1.0,-1.0,-1.0,-1.0,0.0,0.0
257,I447,0,20260901,0.046236,0.367432,16.0,0.695621,0.528703,0.877523,34.185644,0.065884,7.0,7.0,4.0,6.0,0.374447,0.065137,1.0,0.0
257,I472,0,20260901,-1.0,-1.0,-1.0,-1.0,0.616741,-1.0,-1.0,-1.0,-1.0,-1.0,-1.0,-1.0,-1.0,-1.0,1.0,0.0
257,I077,1,20260901,0.321647,0.65474,71.0,0.076157,0.726492,0.625178,88.031569,0.100214,10.0,6.0,2.0,4.0,0.416712,0.079188,0.0,1.0
257,I681,0,20260901,-1.0,-1.0,-1.0,-1.0,0.091047,-1.0,-1.0,-1.0,-1.0,-1.0,-1.0,-1.0,-1.0,-1.0,1.0,0.0
257,I326,0,20260901,-1.0,-1.0,-1.0,-1.0,0.691023,-1.0,-1.0,-1.0,-1.0,-1.0,-1.0,-1.0,-1.0,-1.0,1.0,0.0
257,I520,0,20260901,0.140628,0.778721,8.0,0.372647,0.341412,0.866708,14.380639,0.045263,4.0,4.0,2.0,7.0,0.382093,0.076882,1.0,0.0
257,I090,0,20260901,-1.0,-1.0,-1.0,-1.0,0.534308,-1.0,-1.0,-1.0,-1.0,-1.0,-1.0,-1.0,-1.0,-1.0,1.0,0.0
258,I363,0,20260901,-1.0,-1.0,-1.0,-1.0,0.51987,-1.0,-1.0,-1.0,-1.0,-1.0,-1.0,-1.0,-1.0,-1.0,1.0,0.0
258,I329,1,20260901,-1.0,-1.0,-1.0,-1.0,0.623739,-1.0,-1.0,-1.0,-1.0,-1.0,-1.0,-1.0,-1.0,-1.0,1.0,0.0
258,I492,0,20260901,-1.0,-1.0,-1.0,-1.0,0.341931,-1.0,-1.0,-1.0,-1.0,-1.0,-1.0,-1.0,-1.0,-1.0,0.0,0.0
258,I192,0,20260901,0.304198,0.377814,11.0,0.298845,0.155456,0.812569,59.009024,0.219358,7.0,1.0,4.0,8.0,0.437012,0.069106,0.0,0.0
258,I679,0,20260901,-1.0,-1.0,-1.0,-1.0,0.398316,-1.0,-1.0,-1.0,-1.0,-1.0,-1.0,-1.0,-1.0,-1.0,1.0,0.0
258,I404,0,20260901,-1.0,-1.0,-1.0,-1.0,0.200611,-1.0,-1.0,-1.0,-1.0,-1.0,-1.0,-1.0,-1.0,-1.0,0.0,0.0
258,I615,0,20260901,-1.0,-1.0,-1.0,-1.0,0.249186,-1.0,-1.0,-1.0,-1.0,-1.0,-1.0,-1.0,-1.0,-1.0,1.0,0.0
259,I402,0,20260901,-1.0,-1.0,-1.0,-1.0,0.537286,-1.0,-1.0,-1.0,-1.0,-1.0,-1.0,-1.0,-1.0,-1.0,1.0,0.0
259,I534,0,20260901,-1.0,-1.0,-1.0,-1.0,0.198201,-1.0,-1.0,-1.0,-1.0,-1.0,-1.0,-1.0,-1.0,-1.0,1.0,0.0
259,I669,0,20260901,-1.0,-1.0,-1.0,-1.0,0.091868,-1.0,-1.0,-1.0,-1.0,-1.0,-1.0,-1.0,-1.0,-1.0,0.0,0.0
259,I333,0,20260901,0.585859,0.318798,78.0,0.967977,0.573802,0.962838,21.620382,0.110867,6.0,3.0,5.0,4.0,0.473002,0.070481,1.0,0.0
259,I243,0,20260901,-1.0,-1.0,-1.0,-1.0,0.290922,-1.0,-1.0,-1.0,-1.0,-1.0,-1.0,-1.0,-1.0,-1.0,0.0,0.0
259,I509,3,20260901,-1.0,-1.0,-1.0,-1.0,0.828567,-1.0,-1.0,-1.0,-1.0,-1.0,-1.0,-1.0,-1.0,-1.0,1.0,0.0
259,I419,0,20260901,0.346721,0.658183,37.0,0.34888,0.428076,0.937169,24.666895,0.378381,1.0,1.0,5.0,3.0,0.447931,0.069038,0.0,0.0
260,I697,0,20260901,-1.0,-1.0,-1.0,-1.0,0.836033,-1.0,-1.0,-1.0,-1.0,-1.0,-1.0,-1.0,-1.0,-1.0,0.0,0.0
260,I354,1,20260901,-1.0,-1.0,-1.0,-1.0,0.51241,-1.0,-1.0,-1.0,-1.0,-1.0,-1.0,-1.0,-1.0,-1.0,1.0,0.0
260,I230,0,20260901,-1.0,-1.0,-1.0,-1.0,0.461072,-1.0,-1.0,-1.0,-1.0,-1.0,-1.0,-1.0,-1.0,-1.0,1.0,0.0
260,I590,0,20260901,-1.0,-1.0,-1.0,-1.0,0.378752,-1.0,-1.0,-1.0,-1.0,-1.0,-1.0,-1.0,-1.0,-1.0,0.0,0.0
260,I044,0,20260901,-1.0,-1.0,-1.0,-1.0,0.27407,-1.0,-1.0,-1.0,-1.0,-1.0,-1.0,-1.0,-1.0,-1.0,1.0,0.0
260,I109,0,20260901,-1.0,-1.0,-1.0,-1.0,0.572279,-1.0,-1.0,-1.0,-1.0,-1.0,-1.0,-1.0,-1.0,-1.0,0.0,0.0
260,I676,0,20260901,-1.0,-1.0,-1.0,-1.0,0.460699,-1.0,-1.0,-1.0,-1.0,-1.0,-1.0,-1.0,-1.0,-1.0,1.0,0.0
261,I396,,20260901,-1.0,-1.0,-1.0,-1.0,0.23897,-1.0,-1.0,-1.0,-1.0,-1.0,-1.0,-1.0,-1.0,-1.0,1.0,0.0
261,I545,1,20260901,0.378091,0.618705,72.0,0.464827,0.599059,0.602446,59.152104,0.018393,10.0,5.0,1.0,4.0,0.428831,0.06886,1.0,0.0
261,I111,0,20260901,-1.0,-1.0,-1.0,-1.0,0.118779,-1.0,-1.0,-1.0,-1.0,-1.0,-1.0,-1.0,-1.0,-1.0,0.0,0.0
261,I269,0,20260901,-1.0,-1.0,-1.0,-1.0,0.206049,-1.0,-1.0,-1.0,-1.0,-1.0,-1.0,-1.0,-1.0,-1.0,1.0,0.0
261,I439,0,20260901,-1.0,-1.0,-1.0,-1.0,0.356917,-1.0,-1.0,-1.0,-1.0,-1.0,-1.0,-1.0,-1.0,-1.0,1.0,0.0
261,I300,0,20260901,0.298633,0.458603,53.0,0.460951,0.529711,0.864026,12.065376,0.175981,8.0,1.0,2.0,7.0,0.44451,0.076188,1.0,0.0
261,I591,0,20260901,-1.0,-1.0,-1.0,-1.0,0.473105,-1.0,-1.0,-1.0,-1.0,-1.0,-1.0,-1.0,-1.0,-1.0,1.0,0.0
262,I252,0,20260901,-1.0,-1.0,-1.0,-1.0,0.40408,-1.0,-1.0,-1.0,-1.0,-1.0,-1.0,-1.0,-1.0,-1.0,0.0,0.0
262,I301,0,20260901,-1.0,-1.0,-1.0,-1.0,0.290876,-1.0,-1.0,-1.0,-1.0,-1.0,-1.0,-1.0,-1.0,-1.0,1.0,0.0
262,I521,0,20260901,-1.0,-1.0,-1.0,-1.0,0.151536,-1.0,-1.0,-1.0,-1.0,-1.0,-1.0,-1.0,-1.0,-1.0,0.0,0.0
262,I278,0,20260901,-1.0,-1.0,-1.0,-1.0,0.395922,-1.0,-1.0,-1.0,-1.0,-1.0,-1.0,-1.0,-1.0,-1.0,0.0,0.0
262,I512,0,20260901,-1.0,-1.0,-1.0,-1.0,0.824631,-1.0,-1.0,-1.0,-1.0,-1.0,-1.0,-1.0,-1.0,-1.0,0.0,1.0
262,I348,0,20260901,-1.0,-1.0,-1.0,-1.0,0.300267,-1.0,-1.0,-1.0,-1.0,-1.0,-1.0,-1.0,-1.0,-1.0,0.0,0.0
262,I043,1,20260901,-1.0,-1.0,-1.0,-1.0,0.718894,-1.0,-1.0,-1.0,-1.0,-1.0,-1.0,-1.0,-1.0,-1.0,1.0,0.0
263,I060,0,20260901,0.723288,0.076572,30.0,0.355415,0.386602,0.92969,33.814395,0.01331,9.0,3.0,2.0,5.0,0.489104,0.065426,0.0,0.0
263,I671,0,20260901,0.69901,0.547492,61.0,0.567861,0.356264,0.686175,4.051318,0.074509,8.0,5.0,3.0,1.0,0.496852,0.064156,0.0,0.0
263,I123,1,20260901,0.643935,0.154662,21.0,0.710654,0.407714,0.72871,233.936249,0.443242,6.0,3.0,1.0,3.0,0.490115,0.076496,1.0,0.0
263,I406,0,20260901,-1.0,-1.0,-1.0,-1.0,0.499635,-1.0,-1.0,-1.0,-1.0,-1.0,-1.0,-1.0,-1.0,-1.0,0.0,0.0
263,I294,0,20260901,-1.0,-1.0,-1.0,-1.0,0.413032,-1.0,-1.0,-1.0,-1.0,-1.0,-1.0,-1.0,-1.0,-1.0,0.0,0.0
263,I079,0,20260901,-1.0,-1.0,-1.0,-1.0,0.363453,-1.0,-1.0,-1.0,-1.0,-1.0,-1.0,-1.0,-1.0,-1.0,0.0,0.0
263,I035,0,20260901,-1.0,-1.0,-1.0,-1.0,0.529792,-1.0,-1.0,-1.0,-1.0,-1.0,-1.0,-1.0,-1.0,-1.0,0.0,0.0
264,I011,0,20260901,-1.0,-1.0,-1.0,-1.0,0.167718,-1.0,-1.0,-1.0,-1.0,-1.0,-1.0,-1.0,-1.0,-1.0,0.0,0.0
264,I355,4,20260901,-1.0,-1.0,-1.0,-1.0,0.520806,-1.0,-1.0,-1.0,-1.0,-1.0,-1.0,-1.0,-1.0,-1.0,1.0,0.0
264,I641,0,20260901,0.247189,0.699588,35.0,0.389807,0.593437,0.95803,16.894888,0.060793,10.0,4.0,4.0,8.0,0.415495,0.08158,0.0,0.0
264,I411,0,20260901,-1.0,-1.0,-1.0,-1.0,0.720433,-1.0,-1.0,-1.0,-1.0,-1.0,-1.0,-1.0,-1.0,-1.0,1.0,0.0
264,I184,0,20260901,-1.0,-1.0,-1.0,-1.0,0.677522,-1.0,-1.0,-1.0,-1.0,-1.0,-1.0,-1.0,-1.0,-1.0,0.0,0.0
264,I552,0,20260901,0.199303,0.746434,76.0,0.332003,0.567389,0.553649,29.595642,0.00328,2.0,1.0,1.0,8.0,0.392015,0.067144,0.0,1.0
264,I400,0,20260901,0.537709,0.178555,30.0,0.760158,0.387352,0.81781,21.863733,0.196629,6.0,4.0,5.0,7.0,0.445348,0.070972,1.0,0.0
265,I268,0,20260901,-1.0,-1.0,-1.0,-1.0,0.476308,-1.0,-1.0,-1.0,-1.0,-1.0,-1.0,-1.0,-1.0,-1.0,1.0,0.0
265,I495,0,20260901,0.428623,0.416575,71.0,0.702235,0.591062,0.707774,83.029575,0.18811,6.0,2.0,1.0,2.0,0.457909,0.073262,0.0,0.0
265,I028,0,20260901,-1.0,-1.0,-1.0,-1.0,0.353944,-1.0,-1.0,-1.0,-1.0,-1.0,-1.0,-1.0,-1.0,-1.0,1.0,0.0
265,I029,0,20260901,0.561976,0.620573,54.0,0.642041,0.284502,0.923067,142.282317,0.517893,1.0,1.0,4.0,3.0,0.446951,0.069235,0.0,0.0
265,I116,1,20260901,-1.0,-1.0,-1.0,-1.0,0.758424,-1.0,-1.0,-1.0,-1.0,-1.0,-1.0,-1.0,-1.0,-1.0,1.0,0.0
265,I435,0,20260901,0.60562,0.642077,19.0,0.55727,0.41554,0.698048,100.434068,0.059135,5.0,4.0,1.0,6.0,0.482211,0.065332,1.0,0.0
265,I505,0,20260901,0.62187,0.341734,43.0,0.898604,0.456986,0.805981,84.537792,0.397356,6.0,4.0,5.0,1.0,0.468095,0.075339,1.0,0.0
266,I214,1,20260901,0.407944,0.521837,21.0,0.636561,0.777388,0.946745,67.43655,0.424778,8.0,3.0,4.0,6.0,0.446841,0.07679,0.0,0.0
266,I302,0,20260901,-1.0,-1.0,-1.0,-1.0,0.238164,-1.0,-1.0,-1.0,-1.0,-1.0,-1.0,-1.0,-1.0,-1.0,1.0,0.0
266,I253,0,20260901,-1.0,-1.0,-1.0,-1.0,0.423807,-1.0,-1.0,-1.0,-1.0,-1.0,-1.0,-1.0,-1.0,-1.0,1.0,0.0
266,I251,0,20260901,-1.0,-1.0,-1.0,-1.0,0.574234,-1.0,-1.0,-1.0,-1.0,-1.0,-1.0,-1.0,-1.0,-1.0,0.0,0.0
266,I293,0,20260901,-1.0,-1.0,-1.0,-1.0,0.589415,-1.0,-1.0,-1.0,-1.0,-1.0,-1.0,-1.0,-1.0,-1.0,1.0,0.0
266,I501,0,20260901,-1.0,-1.0,-1.0,-1.0,0.221263,-1.0,-1.0,-1.0,-1.0,-1.0,-1.0,-1.0,-1.0,-1.0,1.0,0.0
266,I595,0,20260901,0.336377,0.471143,11.0,0.884733,0.165643,0.911234,26.578839,0.095244,5.0,4.0,4.0,1.0,0.417423,0.0661,0.0,0.0
267,I010,4,20260902,0.554331,0.286697,37.0,0.172364,0.597868,0.954841,84.16918,0.240403,9.0,6.0,1.0,6.0,0.447317,0.066917,1.0,0.0
267,I337,3,20260902,-1.0,-1.0,-1.0,-1.0,0.906125,-1.0,-1.0,-1.0,-1.0,-1.0,-1.0,-1.0,-1.0,-1.0,0.0,0.0
267,I383,0,20260902,-1.0,-1.0,-1.0,-1.0,0.523022,-1.0,-1.0,-1.0,-1.0,-1.0,-1.0,-1.0,-1.0,-1.0,0.0,1.0
267,I499,0,20260902,-1.0,-1.0,-1.0,-1.0,0.523763,-1.0,-1.0,-1.0,-1.0,-1.0,-1.0,-1.0,-1.0,-1.0,1.0,0.0
268,I612,0,20260902,0.759645,0.568331,57.0,0.689304,0.511854,0.972391,51.347051,0.227353,9.0,6.0,5.0,1.0,0.474533,0.076521,1.0,0.0
268,I573,4,20260902,-1.0,-1.0,-1.0,-1.0,0.627468,-1.0,-1.0,-1.0,-1.0,-1.0,-1.0,-1.0,-1.0,-1.0,0.0,0.0
268,I323,3,20260902,-1.0,-1.0,-1.0,-1.0,0.614809,-1.0,-1.0,-1.0,-1.0,-1.0,-1.0,-1.0,-1.0,-1.0,1.0,0.0
268,I672,0,20260902,0.344476,0.690635,41.0,0.749864,0.382216,0.664948,245.864517,0.15185,1.0,1.0,3.0,4.0,0.414003,0.080051,0.0,0.0
269,I650,0,20260902,-1.0,-1.0,-1.0,-1.0,0.060622,-1.0,-1.0,-1.0,-1.0,-1.0,-1.0,-1.0,-1.0,-1.0,1.0,0.0
269,I159,1,20260902,-1.0,-1.0,-1.0,-1.0,0.612062,-1.0,-1.0,-1.0,-1.0,-1.0,-1.0,-1.0,-1.0,-1.0,1.0,0.0
269,I164,1,20260902,0.404521,0.497458,40.0,0.767195,0.668646,0.809405,194.874534,0.408132,2.0,2.0,1.0,3.0,0.439629,0.073973,1.0,0.0
269,I447,0,20260902,0.046236,0.367432,16.0,0.695621,0.393549,0.877523,34.185644,0.065884,7.0,7.0,4.0,6.0,0.374447,0.065137,1.0,0.0
270,I543,0,20260902,-1.0,-1.0,-1.0,-1.0,0.583566,-1.0,-1.0,-1.0,-1.0,-1.0,-1.0,-1.0,-1.0,-1.0,1.0,0.0
270,I619,4,20260902,-1.0,-1.0,-1.0,-1.0,0.456359,-1.0,-1.0,-1.0,-1.0,-1.0,-1.0,-1.0,-1.0,-1.0,1.0,0.0
270,I668,0,20260902,-1.0,-1.0,-1.0,-1.0,0.318557,-1.0,-1.0,-1.0,-1.0,-1.0,-1.0,-1.0,-1.0,-1.0,1.0,0.0
270,I119,1,20260902,-1.0,-1.0,-1.0,-1.0,0.343567,-1.0,-1.0,-1.0,-1.0,-1.0,-1.0,-1.0,-1.0,-1.0,1.0,0.0
271,I589,0,20260902,-1.0,-1.0,-1.0,-1.0,0.595417,-1.0,-1.0,-1.0,-1.0,-1.0,-1.0,-1.0,-1.0,-1.0,0.0,0.0
271,I459,1,20260902,-1.0,-1.0,-1.0,-1.0,0.770245,-1.0,-1.0,-1.0,-1.0,-1.0,-1.0,-1.0,-1.0,-1.0,1.0,0.0
271,I370,1,20260902,-1.0,-1.0,-1.0,-1.0,0.391562,-1.0,-1.0,-1.0,-1.0,-1.0,-1.0,-1.0,-1.0,-1.0,1.0,0.0
271,I183,0,20260902,-1.0,-1.0,-1.0,-1.0,0.334073,-1.0,-1.0,-1.0,-1.0,-1.0,-1.0,-1.0,-1.0,-1.0,0.0,0.0
272,I580,0,20260902,-1.0,-1.0,-1.0,-1.0,0.346516,-1.0,-1.0,-1.0,-1.0,-1.0,-1.0,-1.0,-1.0,-1.0,0.0,0.0
272,I216,1,20260902,0.6907,0.571376,22.0,0.715814,0.817352,0.839573,123.645569,0.076374,3.0,2.0,5.0,8.0,0.466667,0.074705,0.0,0.0
272,I168,0,20260902,0.051956,0.453798,69.0,0.309143,0.547887,0.487374,229.69058,0.046946,3.0,1.0,5.0,6.0,0.371547,0.064456,0.0,0.0
272,I008,1,20260902,-1.0,-1.0,-1.0,-1.0,0.24347,-1.0,-1.0,-1.0,-1.0,-1.0,-1.0,-1.0,-1.0,-1.0,0.0,0.0
273,I078,0,20260902,0.589138,0.701736,37.0,0.548955,0.683225,0.833605,61.00921,0.053399,2.0,2.0,4.0,6.0,0.472711,0.072107,1.0,1.0
273,I336,0,20260902,0.32385,0.54156,18.0,0.495445,0.342125,0.776166,88.530625,0.000779,4.0,4.0,5.0,4.0,0.429476,0.08083,0.0,0.0
273,I205,3,20260902,-1.0,-1.0,-1.0,-1.0,0.79365,-1.0,-1.0,-1.0,-1.0,-1.0,-1.0,-1.0,-1.0,-1.0,1.0,0.0
273,I007,10,20260902,0.756306,0.68258,36.0,0.554828,0.531756,0.986453,53.436852,0.010218,1.0,1.0,1.0,1.0,0.497434,0.070156,0.0,0.0
274,I690,4,20260902,0.255849,0.336695,74.0,0.656216,0.397343,0.614289,69.613809,0.150304,6.0,5.0,4.0,5.0,0.404383,0.076413,1.0,0.0
274,I684,0,20260902,-1.0,-1.0,-1.0,-1.0,0.53345,-1.0,-1.0,-1.0,-1.0,-1.0,-1.0,-1.0,-1.0,-1.0,0.0,1.0
274,I329,0,20260902,-1.0,-1.0,-1.0,-1.0,0.211565,-1.0,-1.0,-1.0,-1.0,-1.0,-1.0,-1.0,-1.0,-1.0,1.0,0.0
274,I571,4,20260902,0.674333,0.519946,30.0,0.485536,0.107259,0.698272,3.122479,0.308185,2.0,2.0,3.0,2.0,0.464067,0.080647,0.0,0.0
275,I288,0,20260902,-1.0,-1.0,-1.0,-1.0,0.125441,-1.0,-1.0,-1.0,-1.0,-1.0,-1.0,-1.0,-1.0,-1.0,0.0,0.0
275,I286,1,20260902,-1.0,-1.0,-1.0,-1.0,0.46052,-1.0,-1.0,-1.0,-1.0,-1.0,-1.0,-1.0,-1.0,-1.0,0.0,0.0
275,I486,1,20260902,-1.0,-1.0,-1.0,-1.0,0.396837,-1.0,-1.0,-1.0,-1.0,-1.0,-1.0,-1.0,-1.0,-1.0,1.0,1.0
275,I512,0,20260902,-1.0,-1.0,-1.0,-1.0,0.294102,-1.0,-1.0,-1.0,-1.0,-1.0,-1.0,-1.0,-1.0,-1.0,0.0,0.0
276,I612,0,20260902,0.759645,0.568331,57.0,0.689304,0.555887,0.972391,51.347051,0.227353,9.0,6.0,5.0,1.0,0.474533,0.076521,0.0,0.0
276,I243,0,20260902,-1.0,-1.0,-1.0,-1.0,0.3314,-1.0,-1.0,-1.0,-1.0,-1.0,-1.0,-1.0,-1.0,-1.0,0.0,0.0
276,I351,4,20260902,0.364212,0.604549,19.0,0.662908,0.557142,0.950133,83.926698,0.31267,8.0,4.0,4.0,2.0,0.435376,0.07933,1.0,1.0
276,I332,1,20260902,-1.0,-1.0,-1.0,-1.0,0.722353,-1.0,-1.0,-1.0,-1.0,-1.0,-1.0,-1.0,-1.0,-1.0,1.0,0.0
277,I018,1,20260902,-1.0,-1.0,-1.0,-1.0,0.413944,-1.0,-1.0,-1.0,-1.0,-1.0,-1.0,-1.0,-1.0,-1.0,1.0,0.0
277,I447,4,20260902,0.046236,0.367432,16.0,0.695621,0.486599,0.877523,34.185644,0.065884,7.0,7.0,4.0,6.0,0.374447,0.065137,0.0,0.0
277,I027,0,20260902,-1.0,-1.0,-1.0,-1.0,0.285918,-1.0,-1.0,-1.0,-1.0,-1.0,-1.0,-1.0,-1.0,-1.0,1.0,0.0
277,I655,0,20260902,-1.0,-1.0,-1.0,-1.0,0.197428,-1.0,-1.0,-1.0,-1.0,-1.0,-1.0,-1.0,-1.0,-1.0,1.0,0.0
278,I092,0,20260902,-1.0,-1.0,-1.0,-1.0,0.704873,-1.0,-1.0,-1.0,-1.0,-1.0,-1.0,-1.0,-1.0,-1.0,0.0,0.0
278,I514,3,20260902,-1.0,-1.0,-1.0,-1.0,0.839706,-1.0,-1.0,-1.0,-1.0,-1.0,-1.0,-1.0,-1.0,-1.0,0.0,0.0
278,I272,0,20260902,0.484264,0.452022,35.0,0.740966,0.268061,0.981118,165.076987,0.521535,3.0,3.0,5.0,3.0,0.434325,0.067511,1.0,0.0
278,I307,10,20260902,-1.0,-1.0,-1.0,-1.0,0.413341,-1.0,-1.0,-1.0,-1.0,-1.0,-1.0,-1.0,-1.0,-1.0,0.0,0.0
279,I459,4,20260902,-1.0,-1.0,-1.0,-1.0,0.560561,-1.0,-1.0,-1.0,-1.0,-1.0,-1.0,-1.0,-1.0,-1.0,1.0,0.0
279,I298,0,20260902,0.373473,0.625356,51.0,0.639565,0.469174,0.610412,24.349965,0.748038,10.0,1.0,1.0,6.0,0.418933,0.071065,1.0,0.0
279,I455,10,20260902,-1.0,-1.0,-1.0,-1.0,0.393069,-1.0,-1.0,-1.0,-1.0,-1.0,-1.0,-1.0,-1.0,-1.0,1.0,0.0
279,I016,0,20260902,-1.0,-1.0,-1.0,-1.0,0.184806,-1.0,-1.0,-1.0,-1.0,-1.0,-1.0,-1.0,-1.0,-1.0,1.0,0.0
280,I513,10,20260902,-1.0,-1.0,-1.0,-1.0,0.539318,-1.0,-1.0,-1.0,-1.0,-1.0,-1.0,-1.0,-1.0,-1.0,1.0,0.0
280,I146,3,20260902,-1.0,-1.0,-1.0,-1.0,0.895869,-1.0,-1.0,-1.0,-1.0,-1.0,-1.0,-1.0,-1.0,-1.0,0.0,0.0
280,I514,0,20260902,-1.0,-1.0,-1.0,-1.0,0.306065,-1.0,-1.0,-1.0,-1.0,-1.0,-1.0,-1.0,-1.0,-1.0,0.0,0.0
280,I522,0,20260902,0.222901,0.676451,20.0,0.450163,0.706293,0.548804,93.959672,0.153658,7.0,3.0,5.0,1.0,0.427748,0.069378,0.0,0.0
